-- MySQL dump 10.13  Distrib 8.0.18, for Linux (x86_64)
--
-- Host: localhost    Database: buy_me
-- ------------------------------------------------------
-- Server version	8.0.18-google

/*!40101 SET @OLD_CHARACTER_SET_CLIENT=@@CHARACTER_SET_CLIENT */;
/*!40101 SET @OLD_CHARACTER_SET_RESULTS=@@CHARACTER_SET_RESULTS */;
/*!40101 SET @OLD_COLLATION_CONNECTION=@@COLLATION_CONNECTION */;
/*!50503 SET NAMES utf8mb4 */;
/*!40103 SET @OLD_TIME_ZONE=@@TIME_ZONE */;
/*!40103 SET TIME_ZONE='+00:00' */;
/*!40014 SET @OLD_UNIQUE_CHECKS=@@UNIQUE_CHECKS, UNIQUE_CHECKS=0 */;
/*!40014 SET @OLD_FOREIGN_KEY_CHECKS=@@FOREIGN_KEY_CHECKS, FOREIGN_KEY_CHECKS=0 */;
/*!40101 SET @OLD_SQL_MODE=@@SQL_MODE, SQL_MODE='NO_AUTO_VALUE_ON_ZERO' */;
/*!40111 SET @OLD_SQL_NOTES=@@SQL_NOTES, SQL_NOTES=0 */;

--
-- Current Database: `buy_me`
--

CREATE DATABASE /*!32312 IF NOT EXISTS*/ `buy_me` /*!40100 DEFAULT CHARACTER SET utf8 */ /*!80016 DEFAULT ENCRYPTION='N' */;

USE `buy_me`;

--
-- Table structure for table `Admins`
--

DROP TABLE IF EXISTS `Admins`;
/*!40101 SET @saved_cs_client     = @@character_set_client */;
/*!50503 SET character_set_client = utf8mb4 */;
CREATE TABLE `Admins` (
  `id` int(11) NOT NULL AUTO_INCREMENT,
  `acc_uuid` varchar(36) NOT NULL,
  `role` varchar(30) NOT NULL,
  PRIMARY KEY (`id`),
  UNIQUE KEY `acc_uuid` (`acc_uuid`),
  KEY `role` (`role`),
  CONSTRAINT `Admins_ibfk_1` FOREIGN KEY (`acc_uuid`) REFERENCES `Users` (`acc_uuid`),
  CONSTRAINT `Admins_ibfk_2` FOREIGN KEY (`role`) REFERENCES `Roles` (`role`)
) ENGINE=InnoDB AUTO_INCREMENT=7 DEFAULT CHARSET=utf8;
/*!40101 SET character_set_client = @saved_cs_client */;

--
-- Dumping data for table `Admins`
--

LOCK TABLES `Admins` WRITE;
/*!40000 ALTER TABLE `Admins` DISABLE KEYS */;
INSERT INTO `Admins` VALUES (3,'c206d92f-58d2-4ad8-b739-ab9ab424132a','Admin'),(4,'d0530ead-6116-4628-bd63-bd356e4b54aa','Moderator'),(6,'b942d6f4-25bf-4333-8f33-e1c142d63dfe','Moderator');
/*!40000 ALTER TABLE `Admins` ENABLE KEYS */;
UNLOCK TABLES;

--
-- Table structure for table `Alerts`
--

DROP TABLE IF EXISTS `Alerts`;
/*!40101 SET @saved_cs_client     = @@character_set_client */;
/*!50503 SET character_set_client = utf8mb4 */;
CREATE TABLE `Alerts` (
  `id` int(11) NOT NULL AUTO_INCREMENT,
  `set_alert_uuid` varchar(36) NOT NULL,
  `alert_uuid` varchar(36) NOT NULL,
  `created` datetime NOT NULL DEFAULT CURRENT_TIMESTAMP,
  `msg` varchar(200) NOT NULL,
  `ack` int(11) NOT NULL DEFAULT '0',
  PRIMARY KEY (`id`),
  KEY `set_alert_uuid` (`set_alert_uuid`),
  CONSTRAINT `Alerts_ibfk_1` FOREIGN KEY (`set_alert_uuid`) REFERENCES `SetAlerts` (`alert_uuid`)
) ENGINE=InnoDB AUTO_INCREMENT=372 DEFAULT CHARSET=utf8;
/*!40101 SET character_set_client = @saved_cs_client */;

--
-- Dumping data for table `Alerts`
--

LOCK TABLES `Alerts` WRITE;
/*!40000 ALTER TABLE `Alerts` DISABLE KEYS */;
INSERT INTO `Alerts` VALUES (2,'3076f6a3-e853-481a-9c43-b710367b7e68','be1eeef4-db03-4022-813d-400879c0912a','2021-03-25 03:41:10','f1c0c329-4f69-4d70-944e-353d9014fc82',1),(6,'d5ea2fc3-a1fe-4e03-a4ab-95492dd2faa3','0629732d-8c68-4e8f-8422-425d72629b19','2021-04-02 00:15:01','<a href=\'listing-item.jsp?sold=1&listingUUID=271b17c6-ca3b-4eeb-9586-b349a25ae869\'>You won 2021 Tesla Model Y!</a>',1),(7,'3ed92c81-c805-4783-82a5-766e905295ac','23b0f85d-dd03-49b5-8c7f-43f711f8d10d','2021-04-02 01:25:25','<a href=\'listing-item.jsp?listingUUID=ede146df-9500-4417-8ffa-1c5b089b4fa1\'>You were outbid on Apple iPhone X 64GB - Space Gray</a>',1),(8,'3076f6a3-e853-481a-9c43-b710367b7e68','223ee8b2-2477-4811-bafe-02a9a0e6c218','2021-04-02 17:02:35','9d46a0ed-aa1e-4ea1-9387-efe9d0f9e013',1),(9,'3076f6a3-e853-481a-9c43-b710367b7e68','ed5ff510-f993-44f4-9f67-df7e7a8258b5','2021-04-02 17:08:39','d7b5cf5b-2749-4a16-b550-ece600418097',1),(10,'3076f6a3-e853-481a-9c43-b710367b7e68','54e83fae-1ea6-4d10-b53c-f97841db490c','2021-04-02 17:10:33','b3448858-ca4d-4e66-8bad-f6d9c3d01c93',1),(11,'3076f6a3-e853-481a-9c43-b710367b7e68','98b551e3-af2a-4b02-a763-a5f39254b833','2021-04-02 17:13:20','e850fe2a-eeb3-4295-9ed5-4532b291b0e1',1),(12,'3076f6a3-e853-481a-9c43-b710367b7e68','5fb2041f-55ff-4615-83e0-689c813a3d13','2021-04-02 17:15:53','e873290e-cabc-4a95-bdbf-fda811c76f12',1),(13,'3076f6a3-e853-481a-9c43-b710367b7e68','76640aa8-09b2-4f6b-abd9-4d6ac268e363','2021-04-02 17:18:21','84d6dabb-353b-40ae-bd94-9958d5466200',1),(14,'3076f6a3-e853-481a-9c43-b710367b7e68','f2abeb4e-c0b0-4969-b399-0c0e32835055','2021-04-02 17:20:28','78ffefb3-04bf-4f1d-9b84-ffb72da0d24d',1),(15,'3076f6a3-e853-481a-9c43-b710367b7e68','0e4e5304-3a02-467d-a529-a189f11fa8d4','2021-04-02 17:22:04','4dbec51c-34fc-4912-8ea0-f3ab64cfcbb0',1),(16,'3076f6a3-e853-481a-9c43-b710367b7e68','4715333d-d0ef-41bc-98a8-84be6ac2089d','2021-04-02 17:22:46','84d6dabb-353b-40ae-bd94-9958d5466200',1),(17,'3076f6a3-e853-481a-9c43-b710367b7e68','0ca5d156-9b5d-4738-99da-317167cc044e','2021-04-02 17:24:20','78ffefb3-04bf-4f1d-9b84-ffb72da0d24d',1),(18,'3076f6a3-e853-481a-9c43-b710367b7e68','85c562c2-209a-4557-aea9-a23a58d1592c','2021-04-02 17:26:42','4dbec51c-34fc-4912-8ea0-f3ab64cfcbb0',1),(19,'71e91e62-7b6e-40ce-a73e-749daad4e100','09bc1350-f183-4ffc-a061-02d802de670c','2021-04-03 02:27:58','<a href=\'listing-item.jsp?listingUUID=3b502a11-69bf-4e20-869a-2f662662df66\'>You were outbid on 2021 QUATRO PRO  BAT</a>',1),(20,'c5e4a0e8-7a1c-4c71-8291-aa618156e4f2','8618ec3e-3be3-4ed1-9c4b-8c8d6cb0cfe4','2021-04-03 02:28:53','<a href=\'listing-item.jsp?listingUUID=3b502a11-69bf-4e20-869a-2f662662df66\'>You were outbid on 2021 QUATRO PRO  BAT</a>',1),(21,'71e91e62-7b6e-40ce-a73e-749daad4e100','6d5c5c81-da2a-4205-b29b-6eb0cdc6bcaf','2021-04-03 02:28:53','<a href=\'listing-item.jsp?listingUUID=3b502a11-69bf-4e20-869a-2f662662df66\'>You were outbid on 2021 QUATRO PRO  BAT</a>',1),(22,'c5e4a0e8-7a1c-4c71-8291-aa618156e4f2','08485c4a-f65b-4427-81f9-2861a1f72bef','2021-04-03 02:29:04','<a href=\'listing-item.jsp?listingUUID=3b502a11-69bf-4e20-869a-2f662662df66\'>You were outbid on 2021 QUATRO PRO  BAT</a>',1),(23,'71e91e62-7b6e-40ce-a73e-749daad4e100','e4f2891e-ffac-47e6-8ebf-7e95747473fd','2021-04-03 02:29:04','<a href=\'listing-item.jsp?listingUUID=3b502a11-69bf-4e20-869a-2f662662df66\'>You were outbid on 2021 QUATRO PRO  BAT</a>',1),(24,'c5e4a0e8-7a1c-4c71-8291-aa618156e4f2','c7544d8c-ead8-4637-a2cb-b143620b2bb8','2021-04-03 02:29:11','<a href=\'listing-item.jsp?listingUUID=3b502a11-69bf-4e20-869a-2f662662df66\'>You were outbid on 2021 QUATRO PRO  BAT</a>',1),(25,'71e91e62-7b6e-40ce-a73e-749daad4e100','69642a8b-9963-4a85-bc2d-a74df9afc0cc','2021-04-03 02:29:11','<a href=\'listing-item.jsp?listingUUID=3b502a11-69bf-4e20-869a-2f662662df66\'>You were outbid on 2021 QUATRO PRO  BAT</a>',1),(26,'71e91e62-7b6e-40ce-a73e-749daad4e100','a0206991-f468-4d98-aada-18145ee25853','2021-04-03 02:29:18','You were outbidded on 2021 QUATRO PRO  BAT because your upper-limit was surpassed. Please update your settings to be included in this auction.',1),(27,'71e91e62-7b6e-40ce-a73e-749daad4e100','07f8de3b-6599-4ad9-9239-edfba4a6943e','2021-04-03 02:29:18','<a href=\'listing-item.jsp?listingUUID=3b502a11-69bf-4e20-869a-2f662662df66\'>You were outbid on 2021 QUATRO PRO  BAT</a>',1),(28,'c5e4a0e8-7a1c-4c71-8291-aa618156e4f2','ce3cc630-74de-459e-b163-74e28cc3c385','2021-04-03 02:29:18','<a href=\'listing-item.jsp?sold=1&listingUUID=3b502a11-69bf-4e20-869a-2f662662df66\'>You won 2021 QUATRO PRO  BAT!</a>',1),(29,'c51668e2-644c-47ee-be5a-0300c4cec6c4','ebf9f9c7-ec22-4a8b-9ec0-61be9d9a98f7','2021-04-03 02:56:50','<a href=\'listing-item.jsp?listingUUID=75ad14d5-9c34-478d-a3c2-c6c7262d4db1\'>You were outbid on Medium Wash Jeans</a>',1),(30,'c51668e2-644c-47ee-be5a-0300c4cec6c4','1c45457c-36ab-4f07-a4c4-bb2b8bbc1b0e','2021-04-03 02:57:15','You were outbidded on Medium Wash Jeans because your upper-limit was surpassed. Please update your settings to be included in this auction.',1),(31,'c51668e2-644c-47ee-be5a-0300c4cec6c4','33a7ce99-2875-4499-ab96-9ed3a30fb136','2021-04-03 02:57:15','<a href=\'listing-item.jsp?listingUUID=75ad14d5-9c34-478d-a3c2-c6c7262d4db1\'>You were outbid on Medium Wash Jeans</a>',1),(32,'c51668e2-644c-47ee-be5a-0300c4cec6c4','0c73efa8-6160-44d8-8bea-b324cdb678d5','2021-04-03 02:57:17','You were outbidded on Medium Wash Jeans because your upper-limit was surpassed. Please update your settings to be included in this auction.',1),(33,'c51668e2-644c-47ee-be5a-0300c4cec6c4','c1e09451-c4b8-47a2-b455-c817a92b5fa1','2021-04-03 02:57:17','<a href=\'listing-item.jsp?listingUUID=75ad14d5-9c34-478d-a3c2-c6c7262d4db1\'>You were outbid on Medium Wash Jeans</a>',1),(34,'c51668e2-644c-47ee-be5a-0300c4cec6c4','1880ebfa-3dc8-42dd-9d91-b443b8a67541','2021-04-03 02:57:23','You were outbidded on Medium Wash Jeans because your upper-limit was surpassed. Please update your settings to be included in this auction.',1),(35,'c51668e2-644c-47ee-be5a-0300c4cec6c4','8118355a-0206-47db-9bb3-39fcbac4a86d','2021-04-03 02:57:23','<a href=\'listing-item.jsp?listingUUID=75ad14d5-9c34-478d-a3c2-c6c7262d4db1\'>You were outbid on Medium Wash Jeans</a>',1),(36,'c51668e2-644c-47ee-be5a-0300c4cec6c4','db04095a-0008-408e-90cc-6f364f7d64cf','2021-04-03 02:57:28','You were outbidded on Medium Wash Jeans because your upper-limit was surpassed. Please update your settings to be included in this auction.',1),(37,'c51668e2-644c-47ee-be5a-0300c4cec6c4','aa287dd3-1d6b-4d7c-9514-671a5fdde53b','2021-04-03 02:57:28','<a href=\'listing-item.jsp?listingUUID=75ad14d5-9c34-478d-a3c2-c6c7262d4db1\'>You were outbid on Medium Wash Jeans</a>',1),(38,'c51668e2-644c-47ee-be5a-0300c4cec6c4','1304c375-1e15-4606-add5-ae868d33eb3c','2021-04-03 02:57:32','You were outbidded on Medium Wash Jeans because your upper-limit was surpassed. Please update your settings to be included in this auction.',1),(39,'c51668e2-644c-47ee-be5a-0300c4cec6c4','a09643f4-bc93-49b7-844a-9375a8e702a7','2021-04-03 02:57:32','<a href=\'listing-item.jsp?listingUUID=75ad14d5-9c34-478d-a3c2-c6c7262d4db1\'>You were outbid on Medium Wash Jeans</a>',1),(40,'24670f64-5d15-42d3-bf6a-eb67be082f43','77ba5f49-ef80-475d-a3e8-8727d75ce34f','2021-04-03 02:57:33','<a href=\'listing-item.jsp?sold=1&listingUUID=75ad14d5-9c34-478d-a3c2-c6c7262d4db1\'>You won Medium Wash Jeans!</a>',1),(42,'cebc228c-2537-4697-b47c-7864f5f02da9','93b87115-d5f9-472f-a812-726e4a6a7e4d','2021-04-03 03:19:50','<a href=\'listing-item.jsp?listingUUID=6a19485e-1dc9-4f00-8a6a-0c407457a5aa\'>You were outbid on GLEYBER TORRES GLOVE</a>',1),(43,'d5ea2fc3-a1fe-4e03-a4ab-95492dd2faa3','33d26f48-ed33-4396-abf1-2e74faf1bf75','2021-04-08 22:09:23','<a href=\'listing-item.jsp?sold=1&listingUUID=271b17c6-ca3b-4eeb-9586-b349a25ae869\'>You won 2021 Tesla Model Y!</a>',1),(44,'6f8eb2ea-b2d1-4232-895a-482e4d5d0429','1f70ec6f-f1e2-48c2-8c0f-577f1fb1c7b2','2021-04-09 15:53:26','<a href=\'listing-item.jsp?listingUUID=68e8431f-7c28-4be0-b00d-0270626b229f\'>You were outbid on Apple 21.5\" iMac</a>',1),(45,'550fcf13-82d8-40cf-bfd9-bf60e9891ccf','c29a5b39-a810-404e-a02e-b6faf4821238','2021-04-09 15:54:23','<a href=\'listing-item.jsp?listingUUID=68e8431f-7c28-4be0-b00d-0270626b229f\'>You were outbid on Apple 21.5\" iMac</a>',1),(46,'550fcf13-82d8-40cf-bfd9-bf60e9891ccf','01eac63e-fb10-47b0-8691-097ecfd66f4d','2021-04-09 15:54:28','<a href=\'listing-item.jsp?listingUUID=68e8431f-7c28-4be0-b00d-0270626b229f\'>You were outbid on Apple 21.5\" iMac</a>',1),(47,'6f8eb2ea-b2d1-4232-895a-482e4d5d0429','8077de09-223c-483c-9090-b1b40e2fc9da','2021-04-09 15:54:29','<a href=\'listing-item.jsp?sold=1&listingUUID=68e8431f-7c28-4be0-b00d-0270626b229f\'>You won Apple 21.5\" iMac!</a>',1),(48,'6f8eb2ea-b2d1-4232-895a-482e4d5d0429','6a599c20-e791-4d97-908e-a1e62b614f0e','2021-04-09 16:00:38','<a href=\'listing-item.jsp?listingUUID=68e8431f-7c28-4be0-b00d-0270626b229f\'>A bid was placed on Apple 21.5\" iMac</a>',1),(49,'550fcf13-82d8-40cf-bfd9-bf60e9891ccf','70cc1518-a0c1-4ee4-b08a-cd4091176d8d','2021-04-09 16:00:38','<a href=\'listing-item.jsp?listingUUID=68e8431f-7c28-4be0-b00d-0270626b229f\'>You were outbid on Apple 21.5\" iMac</a>',1),(50,'6f8eb2ea-b2d1-4232-895a-482e4d5d0429','787a8b9e-9b7b-4704-863f-a50325092429','2021-04-09 16:00:38','<a href=\'listing-item.jsp?listingUUID=68e8431f-7c28-4be0-b00d-0270626b229f\'>You were outbid on Apple 21.5\" iMac</a>',1),(51,'550fcf13-82d8-40cf-bfd9-bf60e9891ccf','064d8de0-f04e-4dbb-8820-fb7c7f83bdfd','2021-04-09 16:00:38','<a href=\'listing-item.jsp?listingUUID=68e8431f-7c28-4be0-b00d-0270626b229f\'>You were outbid on Apple 21.5\" iMac</a>',1),(52,'6f8eb2ea-b2d1-4232-895a-482e4d5d0429','fff4465d-61f5-4ce0-b8a2-b007b84979f3','2021-04-09 19:42:36','<a href=\'listing-item.jsp?listingUUID=68e8431f-7c28-4be0-b00d-0270626b229f\'>A bid was placed on Apple 21.5\" iMac</a>',1),(53,'c4f87099-7bea-43de-8a9f-693013f94045','93238fc2-3500-49d9-88ab-8d0a4e61edc1','2021-04-09 19:42:36','<a href=\'listing-item.jsp?listingUUID=68e8431f-7c28-4be0-b00d-0270626b229f\'>A bid was placed on Apple 21.5\" iMac</a>',1),(54,'6f8eb2ea-b2d1-4232-895a-482e4d5d0429','a0597e40-68f5-4a2f-ad2f-022df6335fa9','2021-04-09 19:44:05','<a href=\'listing-item.jsp?listingUUID=68e8431f-7c28-4be0-b00d-0270626b229f\'>A bid was placed on Apple 21.5\" iMac</a>',1),(55,'550fcf13-82d8-40cf-bfd9-bf60e9891ccf','e7ae8b52-a654-4504-b9c6-3e45f0282311','2021-04-09 19:44:05','<a href=\'listing-item.jsp?listingUUID=68e8431f-7c28-4be0-b00d-0270626b229f\'>You were outbid on Apple 21.5\" iMac</a>',1),(56,'6f8eb2ea-b2d1-4232-895a-482e4d5d0429','f84f0737-3f5c-4591-bdc3-1ebcd4e8fcfa','2021-04-09 19:48:33','<a href=\'listing-item.jsp?listingUUID=68e8431f-7c28-4be0-b00d-0270626b229f\'>A bid was placed on Apple 21.5\" iMac</a>',1),(57,'c4f87099-7bea-43de-8a9f-693013f94045','6b29bc6e-9dc1-42f7-ad12-ba6f2efbafe9','2021-04-09 19:48:33','<a href=\'listing-item.jsp?listingUUID=68e8431f-7c28-4be0-b00d-0270626b229f\'>A bid was placed on Apple 21.5\" iMac</a>',1),(58,'550fcf13-82d8-40cf-bfd9-bf60e9891ccf','eff4d11d-497c-44d6-a134-be79af71ea40','2021-04-09 19:49:00','<a href=\'listing-item.jsp?listingUUID=68e8431f-7c28-4be0-b00d-0270626b229f\'>You were outbid on Apple 21.5\" iMac</a>',1),(59,'c4f87099-7bea-43de-8a9f-693013f94045','e775181c-8f91-49b1-9bd9-edd13f2c4743','2021-04-09 19:49:00','<a href=\'listing-item.jsp?listingUUID=68e8431f-7c28-4be0-b00d-0270626b229f\'>A bid was placed on Apple 21.5\" iMac</a>',1),(60,'550fcf13-82d8-40cf-bfd9-bf60e9891ccf','c61945cd-5c3f-4001-ae9d-b0ff3a9da068','2021-04-09 20:42:16','<a href=\'listing-item.jsp?listingUUID=68e8431f-7c28-4be0-b00d-0270626b229f\'>A bid was placed on Apple 21.5\" iMac</a>',1),(61,'c4f87099-7bea-43de-8a9f-693013f94045','5c007adb-241d-4f61-a3c5-24364af23d8d','2021-04-09 20:42:16','<a href=\'listing-item.jsp?listingUUID=68e8431f-7c28-4be0-b00d-0270626b229f\'>A bid was placed on Apple 21.5\" iMac</a>',1),(62,'6f8eb2ea-b2d1-4232-895a-482e4d5d0429','5c7b95aa-0b1b-48cf-adc6-1c1c58aa7d4b','2021-04-09 20:42:32','<a href=\'listing-item.jsp?listingUUID=68e8431f-7c28-4be0-b00d-0270626b229f\'>You were outbid on Apple 21.5\" iMac</a>',1),(63,'c4f87099-7bea-43de-8a9f-693013f94045','94b4ab81-2fe7-4efc-bfd5-4e5cc952fd48','2021-04-09 20:42:32','<a href=\'listing-item.jsp?listingUUID=68e8431f-7c28-4be0-b00d-0270626b229f\'>A bid was placed on Apple 21.5\" iMac</a>',1),(64,'550fcf13-82d8-40cf-bfd9-bf60e9891ccf','d9e4896a-48c4-4feb-9c8d-fa1fc3692116','2021-04-09 20:42:32','<a href=\'listing-item.jsp?listingUUID=68e8431f-7c28-4be0-b00d-0270626b229f\'>You were outbid on Apple 21.5\" iMac</a>',1),(65,'c4f87099-7bea-43de-8a9f-693013f94045','ad1dbc31-e6f3-4aa7-8d51-c796d1d8dcf5','2021-04-09 20:42:32','<a href=\'listing-item.jsp?listingUUID=68e8431f-7c28-4be0-b00d-0270626b229f\'>A bid was placed on Apple 21.5\" iMac</a>',1),(66,'6f8eb2ea-b2d1-4232-895a-482e4d5d0429','15c15a3c-0d26-48f1-a8b7-ee78c5b22320','2021-04-09 20:42:32','<a href=\'listing-item.jsp?listingUUID=68e8431f-7c28-4be0-b00d-0270626b229f\'>You were outbid on Apple 21.5\" iMac</a>',1),(67,'c4f87099-7bea-43de-8a9f-693013f94045','b8caa648-92ad-4361-aa27-6dda208c4452','2021-04-09 20:42:32','<a href=\'listing-item.jsp?listingUUID=68e8431f-7c28-4be0-b00d-0270626b229f\'>A bid was placed on Apple 21.5\" iMac</a>',1),(68,'550fcf13-82d8-40cf-bfd9-bf60e9891ccf','596d95fb-1fb1-41bf-b59f-81692f7f44db','2021-04-09 20:42:32','<a href=\'listing-item.jsp?listingUUID=68e8431f-7c28-4be0-b00d-0270626b229f\'>You were outbid on Apple 21.5\" iMac</a>',1),(69,'c4f87099-7bea-43de-8a9f-693013f94045','c931436e-3559-4bcd-bfd8-0c2471801b1a','2021-04-09 20:42:32','<a href=\'listing-item.jsp?listingUUID=68e8431f-7c28-4be0-b00d-0270626b229f\'>A bid was placed on Apple 21.5\" iMac</a>',1),(70,'6f8eb2ea-b2d1-4232-895a-482e4d5d0429','511b1840-3c9c-401c-a62e-c5eced9bfa9d','2021-04-09 20:42:33','<a href=\'listing-item.jsp?listingUUID=68e8431f-7c28-4be0-b00d-0270626b229f\'>You were outbid on Apple 21.5\" iMac</a>',1),(71,'c4f87099-7bea-43de-8a9f-693013f94045','baf9ea74-1893-4336-ab84-e699f0a8dacb','2021-04-09 20:42:33','<a href=\'listing-item.jsp?listingUUID=68e8431f-7c28-4be0-b00d-0270626b229f\'>A bid was placed on Apple 21.5\" iMac</a>',1),(72,'550fcf13-82d8-40cf-bfd9-bf60e9891ccf','5c457984-805f-44fd-949f-ea2d6bf97601','2021-04-09 20:42:33','<a href=\'listing-item.jsp?listingUUID=68e8431f-7c28-4be0-b00d-0270626b229f\'>You were outbid on Apple 21.5\" iMac</a>',1),(73,'c4f87099-7bea-43de-8a9f-693013f94045','dc4a9dfe-3fb6-489a-9c1f-969d04b2404c','2021-04-09 20:42:33','<a href=\'listing-item.jsp?listingUUID=68e8431f-7c28-4be0-b00d-0270626b229f\'>A bid was placed on Apple 21.5\" iMac</a>',1),(74,'6f8eb2ea-b2d1-4232-895a-482e4d5d0429','eb964f0d-ed6f-4c6a-9720-2c634c0aa585','2021-04-09 20:42:33','<a href=\'listing-item.jsp?listingUUID=68e8431f-7c28-4be0-b00d-0270626b229f\'>You were outbid on Apple 21.5\" iMac</a>',1),(75,'c4f87099-7bea-43de-8a9f-693013f94045','ef63e774-bc36-4229-aa2d-1a29e4eafa57','2021-04-09 20:42:33','<a href=\'listing-item.jsp?listingUUID=68e8431f-7c28-4be0-b00d-0270626b229f\'>A bid was placed on Apple 21.5\" iMac</a>',1),(76,'550fcf13-82d8-40cf-bfd9-bf60e9891ccf','654c503a-7e94-4ac1-9393-d2e9f367493a','2021-04-09 20:42:33','<a href=\'listing-item.jsp?listingUUID=68e8431f-7c28-4be0-b00d-0270626b229f\'>You were outbid on Apple 21.5\" iMac</a>',1),(77,'c4f87099-7bea-43de-8a9f-693013f94045','20718bf6-b300-4198-901f-b990d140e7ac','2021-04-09 20:42:33','<a href=\'listing-item.jsp?listingUUID=68e8431f-7c28-4be0-b00d-0270626b229f\'>A bid was placed on Apple 21.5\" iMac</a>',1),(78,'6f8eb2ea-b2d1-4232-895a-482e4d5d0429','9d727215-77a7-48f1-84d1-79c16b11525d','2021-04-09 20:42:33','<a href=\'listing-item.jsp?listingUUID=68e8431f-7c28-4be0-b00d-0270626b229f\'>You were outbid on Apple 21.5\" iMac</a>',1),(79,'c4f87099-7bea-43de-8a9f-693013f94045','6a9005d4-770f-48ab-995c-ae6a2560980b','2021-04-09 20:42:33','<a href=\'listing-item.jsp?listingUUID=68e8431f-7c28-4be0-b00d-0270626b229f\'>A bid was placed on Apple 21.5\" iMac</a>',1),(80,'6f8eb2ea-b2d1-4232-895a-482e4d5d0429','78d76025-1c01-4bc0-9525-4de3d646f595','2021-04-09 20:42:33','You were outbidded on Apple 21.5\" iMac because your upper-limit was surpassed. Please update your settings to be included in this auction.',1),(81,'6f8eb2ea-b2d1-4232-895a-482e4d5d0429','97187705-42f6-4a86-a427-4195701a5999','2021-04-09 20:58:50','<a href=\'listing-item.jsp?listingUUID=68e8431f-7c28-4be0-b00d-0270626b229f\'>A bid was placed on Apple 21.5\" iMac</a>',1),(82,'c4f87099-7bea-43de-8a9f-693013f94045','42aee52a-6314-4d5f-9f16-cc32afa3a2a9','2021-04-09 20:58:50','<a href=\'listing-item.jsp?listingUUID=68e8431f-7c28-4be0-b00d-0270626b229f\'>A bid was placed on Apple 21.5\" iMac</a>',1),(83,'550fcf13-82d8-40cf-bfd9-bf60e9891ccf','5e89e291-ef80-4147-a319-978d056dbcd2','2021-04-09 20:59:06','<a href=\'listing-item.jsp?listingUUID=68e8431f-7c28-4be0-b00d-0270626b229f\'>You were outbid on Apple 21.5\" iMac</a>',1),(84,'c4f87099-7bea-43de-8a9f-693013f94045','e22313bf-a914-4c3e-893f-6dcdb215a47d','2021-04-09 20:59:06','<a href=\'listing-item.jsp?listingUUID=68e8431f-7c28-4be0-b00d-0270626b229f\'>A bid was placed on Apple 21.5\" iMac</a>',1),(85,'6f8eb2ea-b2d1-4232-895a-482e4d5d0429','9d6890f2-8a9a-41e8-b973-e467f2b15e6e','2021-04-09 20:59:06','<a href=\'listing-item.jsp?listingUUID=68e8431f-7c28-4be0-b00d-0270626b229f\'>You were outbid on Apple 21.5\" iMac</a>',1),(86,'c4f87099-7bea-43de-8a9f-693013f94045','8861e93e-c8da-4594-9b07-f732d468686f','2021-04-09 20:59:06','<a href=\'listing-item.jsp?listingUUID=68e8431f-7c28-4be0-b00d-0270626b229f\'>A bid was placed on Apple 21.5\" iMac</a>',1),(87,'550fcf13-82d8-40cf-bfd9-bf60e9891ccf','efa1bcdb-0dd6-47dc-ac0e-bc52b310a152','2021-04-09 20:59:06','<a href=\'listing-item.jsp?listingUUID=68e8431f-7c28-4be0-b00d-0270626b229f\'>You were outbid on Apple 21.5\" iMac</a>',1),(88,'c4f87099-7bea-43de-8a9f-693013f94045','c7931f88-67fe-4802-af86-bf34cec1f59a','2021-04-09 20:59:06','<a href=\'listing-item.jsp?listingUUID=68e8431f-7c28-4be0-b00d-0270626b229f\'>A bid was placed on Apple 21.5\" iMac</a>',1),(89,'6f8eb2ea-b2d1-4232-895a-482e4d5d0429','65d34afa-eee7-43a5-8dd7-75c316e6ea7b','2021-04-09 20:59:06','<a href=\'listing-item.jsp?listingUUID=68e8431f-7c28-4be0-b00d-0270626b229f\'>You were outbid on Apple 21.5\" iMac</a>',1),(90,'c4f87099-7bea-43de-8a9f-693013f94045','a11899dc-df9d-46f5-89e6-22cf1e15100e','2021-04-09 20:59:06','<a href=\'listing-item.jsp?listingUUID=68e8431f-7c28-4be0-b00d-0270626b229f\'>A bid was placed on Apple 21.5\" iMac</a>',1),(91,'550fcf13-82d8-40cf-bfd9-bf60e9891ccf','404b7595-54a1-4733-8981-6d846810a952','2021-04-09 20:59:06','<a href=\'listing-item.jsp?listingUUID=68e8431f-7c28-4be0-b00d-0270626b229f\'>You were outbid on Apple 21.5\" iMac</a>',1),(92,'c4f87099-7bea-43de-8a9f-693013f94045','6d02a61e-a666-4b52-a101-d28ba5adfedc','2021-04-09 20:59:06','<a href=\'listing-item.jsp?listingUUID=68e8431f-7c28-4be0-b00d-0270626b229f\'>A bid was placed on Apple 21.5\" iMac</a>',1),(93,'6f8eb2ea-b2d1-4232-895a-482e4d5d0429','bdd1eb1d-2ca7-4ac6-b817-4b4a000e1386','2021-04-09 20:59:07','<a href=\'listing-item.jsp?listingUUID=68e8431f-7c28-4be0-b00d-0270626b229f\'>You were outbid on Apple 21.5\" iMac</a>',1),(94,'c4f87099-7bea-43de-8a9f-693013f94045','1e3534a1-4e27-43d0-aff8-f10ea8c76ae1','2021-04-09 20:59:07','<a href=\'listing-item.jsp?listingUUID=68e8431f-7c28-4be0-b00d-0270626b229f\'>A bid was placed on Apple 21.5\" iMac</a>',1),(95,'550fcf13-82d8-40cf-bfd9-bf60e9891ccf','3e8f11f6-1edb-4b9e-ae6d-254c7434f224','2021-04-09 20:59:07','<a href=\'listing-item.jsp?listingUUID=68e8431f-7c28-4be0-b00d-0270626b229f\'>You were outbid on Apple 21.5\" iMac</a>',1),(96,'c4f87099-7bea-43de-8a9f-693013f94045','2f5657a6-bb66-48ea-97d1-0f35fd126ed4','2021-04-09 20:59:07','<a href=\'listing-item.jsp?listingUUID=68e8431f-7c28-4be0-b00d-0270626b229f\'>A bid was placed on Apple 21.5\" iMac</a>',1),(97,'6f8eb2ea-b2d1-4232-895a-482e4d5d0429','cede1f40-f10d-4ba9-8a62-912909c3aa38','2021-04-09 20:59:07','<a href=\'listing-item.jsp?listingUUID=68e8431f-7c28-4be0-b00d-0270626b229f\'>You were outbid on Apple 21.5\" iMac</a>',1),(98,'c4f87099-7bea-43de-8a9f-693013f94045','a677bac4-4e5f-41d0-a449-06aec345bb88','2021-04-09 20:59:07','<a href=\'listing-item.jsp?listingUUID=68e8431f-7c28-4be0-b00d-0270626b229f\'>A bid was placed on Apple 21.5\" iMac</a>',1),(99,'550fcf13-82d8-40cf-bfd9-bf60e9891ccf','e06cc86e-83dd-4d76-96d8-bc8050001b0b','2021-04-09 20:59:07','<a href=\'listing-item.jsp?listingUUID=68e8431f-7c28-4be0-b00d-0270626b229f\'>You were outbid on Apple 21.5\" iMac</a>',1),(100,'c4f87099-7bea-43de-8a9f-693013f94045','1fae10b8-7481-49c6-9420-fcfe64bd0143','2021-04-09 20:59:07','<a href=\'listing-item.jsp?listingUUID=68e8431f-7c28-4be0-b00d-0270626b229f\'>A bid was placed on Apple 21.5\" iMac</a>',1),(101,'550fcf13-82d8-40cf-bfd9-bf60e9891ccf','8ebe9d5c-f4cb-4b21-96fe-4aebfd3dfca8','2021-04-09 20:59:07','You were outbidded on Apple 21.5\" iMac because your upper-limit was surpassed. Please update your settings to be included in this auction.',1),(102,'550fcf13-82d8-40cf-bfd9-bf60e9891ccf','344b5bed-6a75-4fd3-a1ed-b8e0b86c0f1e','2021-04-09 21:01:08','You were outbidded on Apple 21.5\" iMac because your upper-limit was surpassed. Please update your settings to be included in this auction.',1),(103,'550fcf13-82d8-40cf-bfd9-bf60e9891ccf','24b72dcd-e4a1-43a5-85b5-e8a44d752e76','2021-04-09 21:01:08','<a href=\'listing-item.jsp?listingUUID=68e8431f-7c28-4be0-b00d-0270626b229f\'>You were outbid on Apple 21.5\" iMac</a>',1),(104,'c4f87099-7bea-43de-8a9f-693013f94045','e450fff0-ce3e-40ad-b5dc-15eaf1461b42','2021-04-09 21:01:08','<a href=\'listing-item.jsp?listingUUID=68e8431f-7c28-4be0-b00d-0270626b229f\'>You were outbid on Apple 21.5\" iMac</a>',1),(105,'550fcf13-82d8-40cf-bfd9-bf60e9891ccf','b488a13f-93d6-4520-b920-4de724400b52','2021-04-09 21:01:08','You were outbidded on Apple 21.5\" iMac because your upper-limit was surpassed. Please update your settings to be included in this auction.',1),(106,'6f8eb2ea-b2d1-4232-895a-482e4d5d0429','8f05f50b-dcc3-488b-a1aa-2477831f64a6','2021-04-09 21:01:08','<a href=\'listing-item.jsp?listingUUID=68e8431f-7c28-4be0-b00d-0270626b229f\'>You were outbid on Apple 21.5\" iMac</a>',1),(107,'550fcf13-82d8-40cf-bfd9-bf60e9891ccf','b8c8c26b-ad54-47b1-b5af-a0c50a7fb47a','2021-04-09 21:01:09','<a href=\'listing-item.jsp?listingUUID=68e8431f-7c28-4be0-b00d-0270626b229f\'>You were outbid on Apple 21.5\" iMac</a>',1),(108,'550fcf13-82d8-40cf-bfd9-bf60e9891ccf','04a07b2f-0d88-4944-aee0-7aab0425d76e','2021-04-09 21:03:00','<a href=\'listing-item.jsp?listingUUID=68e8431f-7c28-4be0-b00d-0270626b229f\'>You were outbid on Apple 21.5\" iMac</a>',1),(109,'c4f87099-7bea-43de-8a9f-693013f94045','219ee367-7139-4041-a5c7-f2acd9a34c38','2021-04-09 21:03:00','<a href=\'listing-item.jsp?listingUUID=68e8431f-7c28-4be0-b00d-0270626b229f\'>You were outbid on Apple 21.5\" iMac</a>',1),(110,'550fcf13-82d8-40cf-bfd9-bf60e9891ccf','11b79fad-0136-4692-8fe7-00558d6b8841','2021-04-09 21:03:00','You were outbidded on Apple 21.5\" iMac because your upper-limit was surpassed. Please update your settings to be included in this auction.',1),(111,'6f8eb2ea-b2d1-4232-895a-482e4d5d0429','3f0e8a57-7d92-4b48-9333-e3b86d97a577','2021-04-09 21:03:00','<a href=\'listing-item.jsp?listingUUID=68e8431f-7c28-4be0-b00d-0270626b229f\'>You were outbid on Apple 21.5\" iMac</a>',1),(112,'c4f87099-7bea-43de-8a9f-693013f94045','c8ae7dbb-5f26-4ee8-8e4b-decfea62be92','2021-04-09 21:03:00','<a href=\'listing-item.jsp?listingUUID=68e8431f-7c28-4be0-b00d-0270626b229f\'>You were outbid on Apple 21.5\" iMac</a>',1),(113,'6f8eb2ea-b2d1-4232-895a-482e4d5d0429','590914df-19ca-431c-a8f9-3dc471c4a9e0','2021-04-09 21:03:05','You were outbidded on Apple 21.5\" iMac because your upper-limit was surpassed. Please update your settings to be included in this auction.',1),(114,'6f8eb2ea-b2d1-4232-895a-482e4d5d0429','fd449085-e912-460c-af3e-0ca485354e51','2021-04-09 21:03:05','<a href=\'listing-item.jsp?listingUUID=68e8431f-7c28-4be0-b00d-0270626b229f\'>You were outbid on Apple 21.5\" iMac</a>',1),(115,'c4f87099-7bea-43de-8a9f-693013f94045','8c2c5029-6b2d-4622-92c7-8a71f34a9379','2021-04-09 21:03:05','<a href=\'listing-item.jsp?listingUUID=68e8431f-7c28-4be0-b00d-0270626b229f\'>You were outbid on Apple 21.5\" iMac</a>',1),(116,'6f8eb2ea-b2d1-4232-895a-482e4d5d0429','4c57e892-d0a6-4e56-b959-db4c77b97b06','2021-04-09 21:09:39','You were outbidded on Apple 21.5\" iMac because your upper-limit was surpassed. Please update your settings to be included in this auction.',1),(117,'6f8eb2ea-b2d1-4232-895a-482e4d5d0429','00542f85-9058-4a15-a704-43bf66d73162','2021-04-09 21:09:39','<a href=\'listing-item.jsp?listingUUID=68e8431f-7c28-4be0-b00d-0270626b229f\'>You were outbid on Apple 21.5\" iMac</a>',1),(118,'c4f87099-7bea-43de-8a9f-693013f94045','ba3034df-1d1e-42cd-acc7-02ba195e8eff','2021-04-09 21:09:39','<a href=\'listing-item.jsp?listingUUID=68e8431f-7c28-4be0-b00d-0270626b229f\'>You were outbid on Apple 21.5\" iMac</a>',1),(119,'6f8eb2ea-b2d1-4232-895a-482e4d5d0429','def77893-38b0-4573-9b85-1b5d6ef4faa5','2021-04-09 21:09:39','<a href=\'listing-item.jsp?sold=1&listingUUID=68e8431f-7c28-4be0-b00d-0270626b229f\'>Apple 21.5\" iMac has been sold!</a>',1),(120,'550fcf13-82d8-40cf-bfd9-bf60e9891ccf','f2dec86d-19c6-4837-b91c-1cb35f3d15f1','2021-04-09 21:09:39','<a href=\'listing-item.jsp?sold=1&listingUUID=68e8431f-7c28-4be0-b00d-0270626b229f\'>You won Apple 21.5\" iMac!</a>',1),(121,'c4f87099-7bea-43de-8a9f-693013f94045','9b4034fd-e130-4adf-b741-097dd59c5f3c','2021-04-09 21:09:39','<a href=\'listing-item.jsp?sold=1&listingUUID=68e8431f-7c28-4be0-b00d-0270626b229f\'>Apple 21.5\" iMac has been sold!</a>',1),(122,'550fcf13-82d8-40cf-bfd9-bf60e9891ccf','f09b8c3f-5364-4937-b7e1-d759e23450cd','2021-04-09 21:09:39','<a href=\'listing-item.jsp?sold=1&listingUUID=68e8431f-7c28-4be0-b00d-0270626b229f\'>You won Apple 21.5\" iMac!</a>',1),(123,'550fcf13-82d8-40cf-bfd9-bf60e9891ccf','e0cf39d3-1cc7-4c24-8e31-8b0d59f4a12f','2021-04-10 15:29:04','<a href=\'listing-item.jsp?listingUUID=68e8431f-7c28-4be0-b00d-0270626b229f\'>A bid was placed on Apple 21.5\" iMac</a>',1),(124,'c4f87099-7bea-43de-8a9f-693013f94045','6f615234-b376-4b9d-b463-9ed2def8d1f2','2021-04-10 15:29:04','<a href=\'listing-item.jsp?listingUUID=68e8431f-7c28-4be0-b00d-0270626b229f\'>A bid was placed on Apple 21.5\" iMac</a>',1),(125,'6f8eb2ea-b2d1-4232-895a-482e4d5d0429','052a4118-2fde-4444-a218-d1ceea03f590','2021-04-10 15:29:15','<a href=\'listing-item.jsp?listingUUID=68e8431f-7c28-4be0-b00d-0270626b229f\'>You were outbid on Apple 21.5\" iMac</a>',1),(126,'c4f87099-7bea-43de-8a9f-693013f94045','c5f1d86d-5a20-4add-b914-babd1a55433e','2021-04-10 15:29:15','<a href=\'listing-item.jsp?listingUUID=68e8431f-7c28-4be0-b00d-0270626b229f\'>A bid was placed on Apple 21.5\" iMac</a>',1),(127,'550fcf13-82d8-40cf-bfd9-bf60e9891ccf','2d378794-59c4-491a-b16a-4c32c51d8625','2021-04-10 15:29:15','<a href=\'listing-item.jsp?listingUUID=68e8431f-7c28-4be0-b00d-0270626b229f\'>You were outbid on Apple 21.5\" iMac</a>',1),(128,'c4f87099-7bea-43de-8a9f-693013f94045','12b50da2-e459-421c-b488-b136c5c23369','2021-04-10 15:29:15','<a href=\'listing-item.jsp?listingUUID=68e8431f-7c28-4be0-b00d-0270626b229f\'>A bid was placed on Apple 21.5\" iMac</a>',1),(129,'6f8eb2ea-b2d1-4232-895a-482e4d5d0429','c3c8b602-e302-4c7c-b483-c074938f49ab','2021-04-10 15:29:15','<a href=\'listing-item.jsp?listingUUID=68e8431f-7c28-4be0-b00d-0270626b229f\'>You were outbid on Apple 21.5\" iMac</a>',1),(130,'c4f87099-7bea-43de-8a9f-693013f94045','11b68ab0-bb9d-45e6-90a8-076841e55d86','2021-04-10 15:29:15','<a href=\'listing-item.jsp?listingUUID=68e8431f-7c28-4be0-b00d-0270626b229f\'>A bid was placed on Apple 21.5\" iMac</a>',1),(131,'550fcf13-82d8-40cf-bfd9-bf60e9891ccf','654ba46f-521d-4b29-a44f-b6962f3225f3','2021-04-10 15:29:15','<a href=\'listing-item.jsp?listingUUID=68e8431f-7c28-4be0-b00d-0270626b229f\'>You were outbid on Apple 21.5\" iMac</a>',1),(132,'c4f87099-7bea-43de-8a9f-693013f94045','3e5b5b06-0069-47ac-9343-8e0c1c5c1d84','2021-04-10 15:29:15','<a href=\'listing-item.jsp?listingUUID=68e8431f-7c28-4be0-b00d-0270626b229f\'>A bid was placed on Apple 21.5\" iMac</a>',1),(133,'6f8eb2ea-b2d1-4232-895a-482e4d5d0429','d11d92b0-ec6d-45e7-8ed4-dba7f2662b89','2021-04-10 15:29:15','<a href=\'listing-item.jsp?listingUUID=68e8431f-7c28-4be0-b00d-0270626b229f\'>You were outbid on Apple 21.5\" iMac</a>',1),(134,'c4f87099-7bea-43de-8a9f-693013f94045','ffb85e46-dfcb-4d40-9e00-9e01c97a86f7','2021-04-10 15:29:15','<a href=\'listing-item.jsp?listingUUID=68e8431f-7c28-4be0-b00d-0270626b229f\'>A bid was placed on Apple 21.5\" iMac</a>',1),(135,'550fcf13-82d8-40cf-bfd9-bf60e9891ccf','e5a0ec2c-980c-4ed6-a756-2184fcf4ab7a','2021-04-10 15:29:15','<a href=\'listing-item.jsp?listingUUID=68e8431f-7c28-4be0-b00d-0270626b229f\'>You were outbid on Apple 21.5\" iMac</a>',1),(136,'c4f87099-7bea-43de-8a9f-693013f94045','dbaea205-7a4c-4bb8-9a17-3c20c2be9cc1','2021-04-10 15:29:15','<a href=\'listing-item.jsp?listingUUID=68e8431f-7c28-4be0-b00d-0270626b229f\'>A bid was placed on Apple 21.5\" iMac</a>',1),(137,'6f8eb2ea-b2d1-4232-895a-482e4d5d0429','84e4122f-d1ee-4696-803c-3ab0defc2449','2021-04-10 15:29:15','<a href=\'listing-item.jsp?listingUUID=68e8431f-7c28-4be0-b00d-0270626b229f\'>You were outbid on Apple 21.5\" iMac</a>',1),(138,'c4f87099-7bea-43de-8a9f-693013f94045','e468d8aa-53b8-4ba5-abef-04d2ef506963','2021-04-10 15:29:15','<a href=\'listing-item.jsp?listingUUID=68e8431f-7c28-4be0-b00d-0270626b229f\'>A bid was placed on Apple 21.5\" iMac</a>',1),(139,'550fcf13-82d8-40cf-bfd9-bf60e9891ccf','5fd84b24-d6c0-4108-8efa-23f3c8b7d404','2021-04-10 15:29:16','<a href=\'listing-item.jsp?listingUUID=68e8431f-7c28-4be0-b00d-0270626b229f\'>You were outbid on Apple 21.5\" iMac</a>',1),(140,'c4f87099-7bea-43de-8a9f-693013f94045','4725d19f-69cf-4380-a078-fd71cdec67a3','2021-04-10 15:29:16','<a href=\'listing-item.jsp?listingUUID=68e8431f-7c28-4be0-b00d-0270626b229f\'>A bid was placed on Apple 21.5\" iMac</a>',1),(141,'6f8eb2ea-b2d1-4232-895a-482e4d5d0429','22a01fd6-c262-4c06-9021-af911c5e1f89','2021-04-10 15:29:16','<a href=\'listing-item.jsp?listingUUID=68e8431f-7c28-4be0-b00d-0270626b229f\'>You were outbid on Apple 21.5\" iMac</a>',1),(142,'c4f87099-7bea-43de-8a9f-693013f94045','29ecf5ac-39c2-4d62-a73c-fda945302c10','2021-04-10 15:29:16','<a href=\'listing-item.jsp?listingUUID=68e8431f-7c28-4be0-b00d-0270626b229f\'>A bid was placed on Apple 21.5\" iMac</a>',1),(143,'550fcf13-82d8-40cf-bfd9-bf60e9891ccf','6dcd0f8d-f96b-49af-af99-fc3b8309b1bb','2021-04-10 15:29:16','<a href=\'listing-item.jsp?listingUUID=68e8431f-7c28-4be0-b00d-0270626b229f\'>You were outbid on Apple 21.5\" iMac</a>',1),(144,'c4f87099-7bea-43de-8a9f-693013f94045','af74a6a6-58a0-49e5-bb64-0fcda0118292','2021-04-10 15:29:16','<a href=\'listing-item.jsp?listingUUID=68e8431f-7c28-4be0-b00d-0270626b229f\'>A bid was placed on Apple 21.5\" iMac</a>',1),(145,'6f8eb2ea-b2d1-4232-895a-482e4d5d0429','a90d41fe-0b6f-4ae0-a2f1-d0951649670a','2021-04-10 15:29:16','<a href=\'listing-item.jsp?listingUUID=68e8431f-7c28-4be0-b00d-0270626b229f\'>You were outbid on Apple 21.5\" iMac</a>',1),(146,'c4f87099-7bea-43de-8a9f-693013f94045','2fdf1e76-a8d2-4f51-abb3-1d3430eb7188','2021-04-10 15:29:16','<a href=\'listing-item.jsp?listingUUID=68e8431f-7c28-4be0-b00d-0270626b229f\'>A bid was placed on Apple 21.5\" iMac</a>',1),(147,'550fcf13-82d8-40cf-bfd9-bf60e9891ccf','e3e58488-d0c6-449f-bd5a-25a21a4e6c56','2021-04-10 15:29:16','<a href=\'listing-item.jsp?listingUUID=68e8431f-7c28-4be0-b00d-0270626b229f\'>You were outbid on Apple 21.5\" iMac</a>',1),(148,'c4f87099-7bea-43de-8a9f-693013f94045','dc7a5d3d-dc40-4a1a-b5c2-925235914aee','2021-04-10 15:29:16','<a href=\'listing-item.jsp?listingUUID=68e8431f-7c28-4be0-b00d-0270626b229f\'>A bid was placed on Apple 21.5\" iMac</a>',1),(149,'6f8eb2ea-b2d1-4232-895a-482e4d5d0429','7a135077-7e0d-4f8b-9772-6faf985015f7','2021-04-10 15:29:16','<a href=\'listing-item.jsp?listingUUID=68e8431f-7c28-4be0-b00d-0270626b229f\'>You were outbid on Apple 21.5\" iMac</a>',1),(150,'c4f87099-7bea-43de-8a9f-693013f94045','6ea83d55-2994-418d-bb82-68aa18b70b52','2021-04-10 15:29:16','<a href=\'listing-item.jsp?listingUUID=68e8431f-7c28-4be0-b00d-0270626b229f\'>A bid was placed on Apple 21.5\" iMac</a>',1),(151,'550fcf13-82d8-40cf-bfd9-bf60e9891ccf','77273d9c-d461-4a58-81c7-8333922e875e','2021-04-10 15:29:16','<a href=\'listing-item.jsp?listingUUID=68e8431f-7c28-4be0-b00d-0270626b229f\'>You were outbid on Apple 21.5\" iMac</a>',1),(152,'c4f87099-7bea-43de-8a9f-693013f94045','be7dc02a-d72d-469f-8c33-aa58f19f6f46','2021-04-10 15:29:16','<a href=\'listing-item.jsp?listingUUID=68e8431f-7c28-4be0-b00d-0270626b229f\'>A bid was placed on Apple 21.5\" iMac</a>',1),(153,'6f8eb2ea-b2d1-4232-895a-482e4d5d0429','d1a83f76-78cc-4940-af67-a15c040f634f','2021-04-10 15:29:16','<a href=\'listing-item.jsp?listingUUID=68e8431f-7c28-4be0-b00d-0270626b229f\'>You were outbid on Apple 21.5\" iMac</a>',1),(154,'c4f87099-7bea-43de-8a9f-693013f94045','592fe892-932b-4b1a-9c26-a1b6429cb507','2021-04-10 15:29:16','<a href=\'listing-item.jsp?listingUUID=68e8431f-7c28-4be0-b00d-0270626b229f\'>A bid was placed on Apple 21.5\" iMac</a>',1),(155,'550fcf13-82d8-40cf-bfd9-bf60e9891ccf','b20247f4-50a0-4c16-8326-eded07dc5f42','2021-04-10 15:29:16','<a href=\'listing-item.jsp?listingUUID=68e8431f-7c28-4be0-b00d-0270626b229f\'>You were outbid on Apple 21.5\" iMac</a>',1),(156,'c4f87099-7bea-43de-8a9f-693013f94045','ee17a506-33a3-4c69-9e34-c37a1d576afb','2021-04-10 15:29:16','<a href=\'listing-item.jsp?listingUUID=68e8431f-7c28-4be0-b00d-0270626b229f\'>A bid was placed on Apple 21.5\" iMac</a>',1),(157,'6f8eb2ea-b2d1-4232-895a-482e4d5d0429','f911b1d5-a4b6-46be-86e7-796422a118f2','2021-04-10 15:29:16','<a href=\'listing-item.jsp?listingUUID=68e8431f-7c28-4be0-b00d-0270626b229f\'>You were outbid on Apple 21.5\" iMac</a>',1),(158,'c4f87099-7bea-43de-8a9f-693013f94045','b8302560-c197-4cba-8c5a-53e956951368','2021-04-10 15:29:16','<a href=\'listing-item.jsp?listingUUID=68e8431f-7c28-4be0-b00d-0270626b229f\'>A bid was placed on Apple 21.5\" iMac</a>',1),(159,'6f8eb2ea-b2d1-4232-895a-482e4d5d0429','6be5627c-8f32-4d6c-8dc3-a00b63aacbc7','2021-04-10 15:29:16','You were outbidded on Apple 21.5\" iMac because your upper-limit was surpassed. Please update your settings to be included in this auction.',1),(160,'6f8eb2ea-b2d1-4232-895a-482e4d5d0429','35c5b281-3628-4d74-9e0c-5c8d9b15e68e','2021-04-10 15:31:10','<a href=\'listing-item.jsp?listingUUID=68e8431f-7c28-4be0-b00d-0270626b229f\'>You were outbid on Apple 21.5\" iMac</a>',1),(161,'c4f87099-7bea-43de-8a9f-693013f94045','ce776b14-2d69-4b8d-8b77-b0986988c64e','2021-04-10 15:31:10','<a href=\'listing-item.jsp?listingUUID=68e8431f-7c28-4be0-b00d-0270626b229f\'>A bid was placed on Apple 21.5\" iMac</a>',1),(162,'6f8eb2ea-b2d1-4232-895a-482e4d5d0429','cb95f64d-8bcf-489c-a7f3-0c40844d9da0','2021-04-10 15:31:10','You were outbidded on Apple 21.5\" iMac because your upper-limit was surpassed. Please update your settings to be included in this auction.',1),(163,'550fcf13-82d8-40cf-bfd9-bf60e9891ccf','5f25c138-7b0b-4d81-bfb8-53febfc9ffb8','2021-04-10 15:31:10','<a href=\'listing-item.jsp?listingUUID=68e8431f-7c28-4be0-b00d-0270626b229f\'>You were outbid on Apple 21.5\" iMac</a>',1),(164,'c4f87099-7bea-43de-8a9f-693013f94045','5afa4698-fed7-457a-a9d2-c97f3d7fb665','2021-04-10 15:31:10','<a href=\'listing-item.jsp?listingUUID=68e8431f-7c28-4be0-b00d-0270626b229f\'>A bid was placed on Apple 21.5\" iMac</a>',1),(165,'6f8eb2ea-b2d1-4232-895a-482e4d5d0429','93a8e50a-21bc-4f23-b465-8bed5941b994','2021-04-10 15:31:27','You were outbidded on Apple 21.5\" iMac because your upper-limit was surpassed. Please update your settings to be included in this auction.',1),(166,'6f8eb2ea-b2d1-4232-895a-482e4d5d0429','005adc78-fd9f-46ff-b179-8a802d6f50fd','2021-04-10 15:31:27','<a href=\'listing-item.jsp?listingUUID=68e8431f-7c28-4be0-b00d-0270626b229f\'>You were outbid on Apple 21.5\" iMac</a>',1),(167,'c4f87099-7bea-43de-8a9f-693013f94045','2ca11cc4-79de-45bd-aa29-7278bd52b549','2021-04-10 15:31:27','<a href=\'listing-item.jsp?listingUUID=68e8431f-7c28-4be0-b00d-0270626b229f\'>You were outbid on Apple 21.5\" iMac</a>',1),(168,'6f8eb2ea-b2d1-4232-895a-482e4d5d0429','beaa50c9-212d-4816-8123-3764f3cc8ad9','2021-04-10 15:31:27','You were outbidded on Apple 21.5\" iMac because your upper-limit was surpassed. Please update your settings to be included in this auction.',1),(169,'6f8eb2ea-b2d1-4232-895a-482e4d5d0429','3d614528-a39f-4e48-ac61-1c7bfdebb98e','2021-04-10 15:31:27','<a href=\'listing-item.jsp?listingUUID=68e8431f-7c28-4be0-b00d-0270626b229f\'>You were outbid on Apple 21.5\" iMac</a>',1),(170,'550fcf13-82d8-40cf-bfd9-bf60e9891ccf','5f42d03a-9bc9-45de-bbb6-02b90a3f3547','2021-04-10 15:31:27','<a href=\'listing-item.jsp?listingUUID=68e8431f-7c28-4be0-b00d-0270626b229f\'>You were outbid on Apple 21.5\" iMac</a>',1),(171,'6f8eb2ea-b2d1-4232-895a-482e4d5d0429','30352be2-0eb8-41ef-a597-50b2985a35f7','2021-04-10 15:31:44','You were outbidded on Apple 21.5\" iMac because your upper-limit was surpassed. Please update your settings to be included in this auction.',1),(172,'550fcf13-82d8-40cf-bfd9-bf60e9891ccf','3513a633-1e59-46c7-a035-647198202d4a','2021-04-10 15:31:44','You were outbidded on Apple 21.5\" iMac because your upper-limit was surpassed. Please update your settings to be included in this auction.',1),(173,'6f8eb2ea-b2d1-4232-895a-482e4d5d0429','2f88fa8e-cae8-4a81-a301-8ce78797afdd','2021-04-10 15:31:44','<a href=\'listing-item.jsp?listingUUID=68e8431f-7c28-4be0-b00d-0270626b229f\'>You were outbid on Apple 21.5\" iMac</a>',1),(174,'550fcf13-82d8-40cf-bfd9-bf60e9891ccf','437d8a11-e73f-4a17-b8f9-ffd5a6b6ac4f','2021-04-10 15:31:44','<a href=\'listing-item.jsp?listingUUID=68e8431f-7c28-4be0-b00d-0270626b229f\'>You were outbid on Apple 21.5\" iMac</a>',1),(175,'6f8eb2ea-b2d1-4232-895a-482e4d5d0429','beb9d4ad-d8f0-43b9-a06a-15e4bbcf334b','2021-04-10 15:36:08','<a href=\'listing-item.jsp?listingUUID=68e8431f-7c28-4be0-b00d-0270626b229f\'>A bid was placed on Apple 21.5\" iMac</a>',1),(176,'c4f87099-7bea-43de-8a9f-693013f94045','052dba41-cc6b-4971-b8af-47aaf64d8260','2021-04-10 15:36:08','<a href=\'listing-item.jsp?listingUUID=68e8431f-7c28-4be0-b00d-0270626b229f\'>A bid was placed on Apple 21.5\" iMac</a>',1),(177,'550fcf13-82d8-40cf-bfd9-bf60e9891ccf','3aa975b6-8314-4fe1-b307-d21f14763dd8','2021-04-10 15:36:18','<a href=\'listing-item.jsp?listingUUID=68e8431f-7c28-4be0-b00d-0270626b229f\'>You were outbid on Apple 21.5\" iMac</a>',1),(178,'c4f87099-7bea-43de-8a9f-693013f94045','7e7cc8d8-6570-4dda-ab99-b860054d9c80','2021-04-10 15:36:18','<a href=\'listing-item.jsp?listingUUID=68e8431f-7c28-4be0-b00d-0270626b229f\'>A bid was placed on Apple 21.5\" iMac</a>',1),(179,'6f8eb2ea-b2d1-4232-895a-482e4d5d0429','fb3392d3-8c67-4912-a1e3-82b181265676','2021-04-10 15:36:18','<a href=\'listing-item.jsp?listingUUID=68e8431f-7c28-4be0-b00d-0270626b229f\'>You were outbid on Apple 21.5\" iMac</a>',1),(180,'c4f87099-7bea-43de-8a9f-693013f94045','7eb3740b-fc2d-4cdf-a46e-a20f59858b3c','2021-04-10 15:36:18','<a href=\'listing-item.jsp?listingUUID=68e8431f-7c28-4be0-b00d-0270626b229f\'>A bid was placed on Apple 21.5\" iMac</a>',1),(181,'550fcf13-82d8-40cf-bfd9-bf60e9891ccf','77669521-4fdf-4ee8-875c-919d994798b6','2021-04-10 15:36:18','<a href=\'listing-item.jsp?listingUUID=68e8431f-7c28-4be0-b00d-0270626b229f\'>You were outbid on Apple 21.5\" iMac</a>',1),(182,'c4f87099-7bea-43de-8a9f-693013f94045','7b32cf2f-3876-4f98-939d-e567e01534eb','2021-04-10 15:36:18','<a href=\'listing-item.jsp?listingUUID=68e8431f-7c28-4be0-b00d-0270626b229f\'>A bid was placed on Apple 21.5\" iMac</a>',1),(183,'6f8eb2ea-b2d1-4232-895a-482e4d5d0429','cf9c25b7-b67d-4bce-aa0c-daf5edead8a1','2021-04-10 15:36:18','<a href=\'listing-item.jsp?listingUUID=68e8431f-7c28-4be0-b00d-0270626b229f\'>You were outbid on Apple 21.5\" iMac</a>',1),(184,'c4f87099-7bea-43de-8a9f-693013f94045','fd08b551-62bf-433f-9cca-d01cd9221b66','2021-04-10 15:36:18','<a href=\'listing-item.jsp?listingUUID=68e8431f-7c28-4be0-b00d-0270626b229f\'>A bid was placed on Apple 21.5\" iMac</a>',1),(185,'550fcf13-82d8-40cf-bfd9-bf60e9891ccf','95a11f31-5b14-4955-8ad8-3c9bc8fa6b2b','2021-04-10 15:36:18','<a href=\'listing-item.jsp?listingUUID=68e8431f-7c28-4be0-b00d-0270626b229f\'>You were outbid on Apple 21.5\" iMac</a>',1),(186,'c4f87099-7bea-43de-8a9f-693013f94045','b1b870d1-cece-41ba-935f-559b6655b934','2021-04-10 15:36:18','<a href=\'listing-item.jsp?listingUUID=68e8431f-7c28-4be0-b00d-0270626b229f\'>A bid was placed on Apple 21.5\" iMac</a>',1),(187,'6f8eb2ea-b2d1-4232-895a-482e4d5d0429','d2e0faa2-2d1d-44d9-bd60-f14ca04989a4','2021-04-10 15:36:18','<a href=\'listing-item.jsp?listingUUID=68e8431f-7c28-4be0-b00d-0270626b229f\'>You were outbid on Apple 21.5\" iMac</a>',1),(188,'c4f87099-7bea-43de-8a9f-693013f94045','1dbd4394-8a90-4abc-8d18-ceab1f02a642','2021-04-10 15:36:18','<a href=\'listing-item.jsp?listingUUID=68e8431f-7c28-4be0-b00d-0270626b229f\'>A bid was placed on Apple 21.5\" iMac</a>',1),(189,'550fcf13-82d8-40cf-bfd9-bf60e9891ccf','c489454f-b82e-46d1-bdfb-5e285da10290','2021-04-10 15:36:18','<a href=\'listing-item.jsp?listingUUID=68e8431f-7c28-4be0-b00d-0270626b229f\'>You were outbid on Apple 21.5\" iMac</a>',1),(190,'c4f87099-7bea-43de-8a9f-693013f94045','8cdcb0da-043b-4ffb-916d-6303f4cf9f6c','2021-04-10 15:36:18','<a href=\'listing-item.jsp?listingUUID=68e8431f-7c28-4be0-b00d-0270626b229f\'>A bid was placed on Apple 21.5\" iMac</a>',1),(191,'6f8eb2ea-b2d1-4232-895a-482e4d5d0429','7d2b7c22-bc89-477c-b181-aca98b32da50','2021-04-10 15:36:18','<a href=\'listing-item.jsp?listingUUID=68e8431f-7c28-4be0-b00d-0270626b229f\'>You were outbid on Apple 21.5\" iMac</a>',1),(192,'c4f87099-7bea-43de-8a9f-693013f94045','707e564a-09d6-4792-a98d-1cb50edd93a2','2021-04-10 15:36:18','<a href=\'listing-item.jsp?listingUUID=68e8431f-7c28-4be0-b00d-0270626b229f\'>A bid was placed on Apple 21.5\" iMac</a>',1),(193,'550fcf13-82d8-40cf-bfd9-bf60e9891ccf','c8cf0176-13de-49cc-9ad3-3be64db9cc5c','2021-04-10 15:36:19','<a href=\'listing-item.jsp?listingUUID=68e8431f-7c28-4be0-b00d-0270626b229f\'>You were outbid on Apple 21.5\" iMac</a>',1),(194,'c4f87099-7bea-43de-8a9f-693013f94045','289849bd-4124-4228-ab07-978f5cac0ed1','2021-04-10 15:36:19','<a href=\'listing-item.jsp?listingUUID=68e8431f-7c28-4be0-b00d-0270626b229f\'>A bid was placed on Apple 21.5\" iMac</a>',1),(195,'6f8eb2ea-b2d1-4232-895a-482e4d5d0429','95b09cf3-4ab4-4861-af94-f1a740f3ee83','2021-04-10 15:36:19','<a href=\'listing-item.jsp?listingUUID=68e8431f-7c28-4be0-b00d-0270626b229f\'>You were outbid on Apple 21.5\" iMac</a>',1),(196,'c4f87099-7bea-43de-8a9f-693013f94045','cd4639f6-05e7-4cdf-b892-9604e5e3e621','2021-04-10 15:36:19','<a href=\'listing-item.jsp?listingUUID=68e8431f-7c28-4be0-b00d-0270626b229f\'>A bid was placed on Apple 21.5\" iMac</a>',1),(197,'550fcf13-82d8-40cf-bfd9-bf60e9891ccf','537657fc-1d84-463a-8bb9-6207e08d3a37','2021-04-10 15:36:19','<a href=\'listing-item.jsp?listingUUID=68e8431f-7c28-4be0-b00d-0270626b229f\'>You were outbid on Apple 21.5\" iMac</a>',1),(198,'c4f87099-7bea-43de-8a9f-693013f94045','c531549e-bb70-42e0-887b-6fd353bccda3','2021-04-10 15:36:19','<a href=\'listing-item.jsp?listingUUID=68e8431f-7c28-4be0-b00d-0270626b229f\'>A bid was placed on Apple 21.5\" iMac</a>',1),(199,'6f8eb2ea-b2d1-4232-895a-482e4d5d0429','438fdd08-9ba5-4ba6-be20-4375e5e22125','2021-04-10 15:36:19','<a href=\'listing-item.jsp?listingUUID=68e8431f-7c28-4be0-b00d-0270626b229f\'>You were outbid on Apple 21.5\" iMac</a>',1),(200,'c4f87099-7bea-43de-8a9f-693013f94045','3ef57f20-6d0a-4c59-b855-388f1665de54','2021-04-10 15:36:19','<a href=\'listing-item.jsp?listingUUID=68e8431f-7c28-4be0-b00d-0270626b229f\'>A bid was placed on Apple 21.5\" iMac</a>',1),(201,'550fcf13-82d8-40cf-bfd9-bf60e9891ccf','f7f509c3-f038-4f51-88d0-d171bf31830a','2021-04-10 15:36:19','<a href=\'listing-item.jsp?listingUUID=68e8431f-7c28-4be0-b00d-0270626b229f\'>You were outbid on Apple 21.5\" iMac</a>',1),(202,'c4f87099-7bea-43de-8a9f-693013f94045','6aabd348-45bc-423b-8016-75071e724520','2021-04-10 15:36:19','<a href=\'listing-item.jsp?listingUUID=68e8431f-7c28-4be0-b00d-0270626b229f\'>A bid was placed on Apple 21.5\" iMac</a>',1),(203,'6f8eb2ea-b2d1-4232-895a-482e4d5d0429','8fe0dbd9-a3b1-4e9f-97f7-8f05693a1db9','2021-04-10 15:36:19','<a href=\'listing-item.jsp?listingUUID=68e8431f-7c28-4be0-b00d-0270626b229f\'>You were outbid on Apple 21.5\" iMac</a>',1),(204,'c4f87099-7bea-43de-8a9f-693013f94045','fa870578-e10e-4967-90e7-a9377172d624','2021-04-10 15:36:19','<a href=\'listing-item.jsp?listingUUID=68e8431f-7c28-4be0-b00d-0270626b229f\'>A bid was placed on Apple 21.5\" iMac</a>',1),(205,'550fcf13-82d8-40cf-bfd9-bf60e9891ccf','c038d1f7-db83-4d65-b0a8-6b0abba0fba0','2021-04-10 15:36:19','<a href=\'listing-item.jsp?listingUUID=68e8431f-7c28-4be0-b00d-0270626b229f\'>You were outbid on Apple 21.5\" iMac</a>',1),(206,'c4f87099-7bea-43de-8a9f-693013f94045','1634ea5e-b123-4e6a-8fa5-4c50e15e4abb','2021-04-10 15:36:19','<a href=\'listing-item.jsp?listingUUID=68e8431f-7c28-4be0-b00d-0270626b229f\'>A bid was placed on Apple 21.5\" iMac</a>',1),(207,'6f8eb2ea-b2d1-4232-895a-482e4d5d0429','f9c11f53-ac13-4c1d-9b21-82f9a591c84d','2021-04-10 15:36:19','<a href=\'listing-item.jsp?listingUUID=68e8431f-7c28-4be0-b00d-0270626b229f\'>You were outbid on Apple 21.5\" iMac</a>',1),(208,'c4f87099-7bea-43de-8a9f-693013f94045','100d4813-ca2f-4fe7-bbfc-2f26277c262b','2021-04-10 15:36:19','<a href=\'listing-item.jsp?listingUUID=68e8431f-7c28-4be0-b00d-0270626b229f\'>A bid was placed on Apple 21.5\" iMac</a>',1),(209,'550fcf13-82d8-40cf-bfd9-bf60e9891ccf','ca0bf1e1-92f9-4abc-ac9a-24b160cc2a87','2021-04-10 15:36:19','<a href=\'listing-item.jsp?listingUUID=68e8431f-7c28-4be0-b00d-0270626b229f\'>You were outbid on Apple 21.5\" iMac</a>',1),(210,'c4f87099-7bea-43de-8a9f-693013f94045','986856dd-13d9-46e1-a5ac-8fffc045aff1','2021-04-10 15:36:19','<a href=\'listing-item.jsp?listingUUID=68e8431f-7c28-4be0-b00d-0270626b229f\'>A bid was placed on Apple 21.5\" iMac</a>',1),(211,'6f8eb2ea-b2d1-4232-895a-482e4d5d0429','a31adc33-7a1b-4169-8c0a-db6c61808465','2021-04-10 15:36:19','<a href=\'listing-item.jsp?listingUUID=68e8431f-7c28-4be0-b00d-0270626b229f\'>You were outbid on Apple 21.5\" iMac</a>',1),(212,'c4f87099-7bea-43de-8a9f-693013f94045','c6cbd8d3-6feb-4b74-af02-5deafad2cf71','2021-04-10 15:36:19','<a href=\'listing-item.jsp?listingUUID=68e8431f-7c28-4be0-b00d-0270626b229f\'>A bid was placed on Apple 21.5\" iMac</a>',1),(213,'550fcf13-82d8-40cf-bfd9-bf60e9891ccf','53de2030-d157-4e7f-b3f8-b93e31b8de26','2021-04-10 15:36:19','<a href=\'listing-item.jsp?listingUUID=68e8431f-7c28-4be0-b00d-0270626b229f\'>You were outbid on Apple 21.5\" iMac</a>',1),(214,'c4f87099-7bea-43de-8a9f-693013f94045','de474bf8-8c40-42dd-a82b-4f54f7f12978','2021-04-10 15:36:19','<a href=\'listing-item.jsp?listingUUID=68e8431f-7c28-4be0-b00d-0270626b229f\'>A bid was placed on Apple 21.5\" iMac</a>',1),(215,'6f8eb2ea-b2d1-4232-895a-482e4d5d0429','06859d06-8fbe-435f-be34-12c658655c70','2021-04-10 15:36:19','<a href=\'listing-item.jsp?listingUUID=68e8431f-7c28-4be0-b00d-0270626b229f\'>You were outbid on Apple 21.5\" iMac</a>',1),(216,'c4f87099-7bea-43de-8a9f-693013f94045','f4d193aa-2beb-466e-8280-3a46ac6964fb','2021-04-10 15:36:19','<a href=\'listing-item.jsp?listingUUID=68e8431f-7c28-4be0-b00d-0270626b229f\'>A bid was placed on Apple 21.5\" iMac</a>',1),(217,'550fcf13-82d8-40cf-bfd9-bf60e9891ccf','441d0aca-8b64-40fd-a751-6bb3ed2c7759','2021-04-10 15:36:19','<a href=\'listing-item.jsp?listingUUID=68e8431f-7c28-4be0-b00d-0270626b229f\'>You were outbid on Apple 21.5\" iMac</a>',1),(218,'c4f87099-7bea-43de-8a9f-693013f94045','5e7c2d0f-b25e-4046-9e95-3671780f2797','2021-04-10 15:36:20','<a href=\'listing-item.jsp?listingUUID=68e8431f-7c28-4be0-b00d-0270626b229f\'>A bid was placed on Apple 21.5\" iMac</a>',1),(219,'6f8eb2ea-b2d1-4232-895a-482e4d5d0429','0e4259e0-ba89-4149-a411-ac7d85329575','2021-04-10 15:36:20','<a href=\'listing-item.jsp?listingUUID=68e8431f-7c28-4be0-b00d-0270626b229f\'>You were outbid on Apple 21.5\" iMac</a>',1),(220,'c4f87099-7bea-43de-8a9f-693013f94045','ef935706-204b-442b-a0de-f7a7e9b646ea','2021-04-10 15:36:20','<a href=\'listing-item.jsp?listingUUID=68e8431f-7c28-4be0-b00d-0270626b229f\'>A bid was placed on Apple 21.5\" iMac</a>',1),(221,'550fcf13-82d8-40cf-bfd9-bf60e9891ccf','aab929bb-730f-4993-bea5-d4870385a3a9','2021-04-10 15:36:20','<a href=\'listing-item.jsp?listingUUID=68e8431f-7c28-4be0-b00d-0270626b229f\'>You were outbid on Apple 21.5\" iMac</a>',1),(222,'c4f87099-7bea-43de-8a9f-693013f94045','43ab1c8e-ffa5-440c-83e5-47aae219670c','2021-04-10 15:36:20','<a href=\'listing-item.jsp?listingUUID=68e8431f-7c28-4be0-b00d-0270626b229f\'>A bid was placed on Apple 21.5\" iMac</a>',1),(223,'6f8eb2ea-b2d1-4232-895a-482e4d5d0429','2a87ffe9-2448-402e-a5fc-d0a056203f88','2021-04-10 15:36:20','<a href=\'listing-item.jsp?listingUUID=68e8431f-7c28-4be0-b00d-0270626b229f\'>You were outbid on Apple 21.5\" iMac</a>',1),(224,'c4f87099-7bea-43de-8a9f-693013f94045','5a45dcd8-3e33-4732-9e83-74e2a4038a66','2021-04-10 15:36:20','<a href=\'listing-item.jsp?listingUUID=68e8431f-7c28-4be0-b00d-0270626b229f\'>A bid was placed on Apple 21.5\" iMac</a>',1),(225,'550fcf13-82d8-40cf-bfd9-bf60e9891ccf','a4fc3717-cdf2-43b8-a569-86d43875e01a','2021-04-10 15:36:20','<a href=\'listing-item.jsp?listingUUID=68e8431f-7c28-4be0-b00d-0270626b229f\'>You were outbid on Apple 21.5\" iMac</a>',1),(226,'c4f87099-7bea-43de-8a9f-693013f94045','e4a30935-fb12-4c9c-b648-8d0924f70bfd','2021-04-10 15:36:20','<a href=\'listing-item.jsp?listingUUID=68e8431f-7c28-4be0-b00d-0270626b229f\'>A bid was placed on Apple 21.5\" iMac</a>',1),(227,'6f8eb2ea-b2d1-4232-895a-482e4d5d0429','c1781e62-c176-421e-890f-a466e45cd4d1','2021-04-10 15:36:20','<a href=\'listing-item.jsp?listingUUID=68e8431f-7c28-4be0-b00d-0270626b229f\'>You were outbid on Apple 21.5\" iMac</a>',1),(228,'c4f87099-7bea-43de-8a9f-693013f94045','2bb935f8-ebdc-48b2-8967-17a08ba3dc48','2021-04-10 15:36:20','<a href=\'listing-item.jsp?listingUUID=68e8431f-7c28-4be0-b00d-0270626b229f\'>A bid was placed on Apple 21.5\" iMac</a>',1),(229,'550fcf13-82d8-40cf-bfd9-bf60e9891ccf','f17baf6f-4f39-49f8-b186-e51d19a7b9b0','2021-04-10 15:36:20','<a href=\'listing-item.jsp?listingUUID=68e8431f-7c28-4be0-b00d-0270626b229f\'>You were outbid on Apple 21.5\" iMac</a>',1),(230,'c4f87099-7bea-43de-8a9f-693013f94045','36a1c236-0479-49f2-bfff-7430b3334aa6','2021-04-10 15:36:20','<a href=\'listing-item.jsp?listingUUID=68e8431f-7c28-4be0-b00d-0270626b229f\'>A bid was placed on Apple 21.5\" iMac</a>',1),(231,'6f8eb2ea-b2d1-4232-895a-482e4d5d0429','9d83f2e7-0304-4ddc-aedc-4e7a5d2c545d','2021-04-10 15:36:20','<a href=\'listing-item.jsp?listingUUID=68e8431f-7c28-4be0-b00d-0270626b229f\'>You were outbid on Apple 21.5\" iMac</a>',1),(232,'c4f87099-7bea-43de-8a9f-693013f94045','088dae81-ea7c-4ab8-9bc0-c35915833882','2021-04-10 15:36:20','<a href=\'listing-item.jsp?listingUUID=68e8431f-7c28-4be0-b00d-0270626b229f\'>A bid was placed on Apple 21.5\" iMac</a>',1),(233,'550fcf13-82d8-40cf-bfd9-bf60e9891ccf','a11952cc-f9f4-4d9f-87b4-6b4b2319ae7a','2021-04-10 15:36:20','<a href=\'listing-item.jsp?listingUUID=68e8431f-7c28-4be0-b00d-0270626b229f\'>You were outbid on Apple 21.5\" iMac</a>',1),(234,'c4f87099-7bea-43de-8a9f-693013f94045','04bea048-7347-45c5-b4a9-7bd88ece34bd','2021-04-10 15:36:20','<a href=\'listing-item.jsp?listingUUID=68e8431f-7c28-4be0-b00d-0270626b229f\'>A bid was placed on Apple 21.5\" iMac</a>',1),(235,'6f8eb2ea-b2d1-4232-895a-482e4d5d0429','f34dbc11-d51d-4b13-b3ff-c921be6c30d6','2021-04-10 15:36:20','<a href=\'listing-item.jsp?listingUUID=68e8431f-7c28-4be0-b00d-0270626b229f\'>You were outbid on Apple 21.5\" iMac</a>',1),(236,'c4f87099-7bea-43de-8a9f-693013f94045','1c73f4e4-24cc-45cf-a2ff-4dc8ef6d1e25','2021-04-10 15:36:20','<a href=\'listing-item.jsp?listingUUID=68e8431f-7c28-4be0-b00d-0270626b229f\'>A bid was placed on Apple 21.5\" iMac</a>',1),(237,'550fcf13-82d8-40cf-bfd9-bf60e9891ccf','6d99ae8d-7741-416a-b65b-c637cbedbcd7','2021-04-10 15:36:20','<a href=\'listing-item.jsp?listingUUID=68e8431f-7c28-4be0-b00d-0270626b229f\'>You were outbid on Apple 21.5\" iMac</a>',1),(238,'c4f87099-7bea-43de-8a9f-693013f94045','bf74d998-5a27-4388-9b28-06e40ce3431c','2021-04-10 15:36:20','<a href=\'listing-item.jsp?listingUUID=68e8431f-7c28-4be0-b00d-0270626b229f\'>A bid was placed on Apple 21.5\" iMac</a>',1),(239,'6f8eb2ea-b2d1-4232-895a-482e4d5d0429','70a6e6d6-2adf-4dbd-b547-903d0c62a543','2021-04-10 15:36:20','<a href=\'listing-item.jsp?listingUUID=68e8431f-7c28-4be0-b00d-0270626b229f\'>You were outbid on Apple 21.5\" iMac</a>',1),(240,'c4f87099-7bea-43de-8a9f-693013f94045','60ad1099-751c-4e91-acfe-cba1e7524eb0','2021-04-10 15:36:20','<a href=\'listing-item.jsp?listingUUID=68e8431f-7c28-4be0-b00d-0270626b229f\'>A bid was placed on Apple 21.5\" iMac</a>',1),(241,'550fcf13-82d8-40cf-bfd9-bf60e9891ccf','d9cf0e67-efbb-49b8-8a1a-365d65200ae4','2021-04-10 15:36:20','<a href=\'listing-item.jsp?listingUUID=68e8431f-7c28-4be0-b00d-0270626b229f\'>You were outbid on Apple 21.5\" iMac</a>',1),(242,'c4f87099-7bea-43de-8a9f-693013f94045','c58a2900-fa6c-4514-9522-052548231ebd','2021-04-10 15:36:20','<a href=\'listing-item.jsp?listingUUID=68e8431f-7c28-4be0-b00d-0270626b229f\'>A bid was placed on Apple 21.5\" iMac</a>',1),(243,'6f8eb2ea-b2d1-4232-895a-482e4d5d0429','9dbca7a6-b4a7-45b7-8d74-509fbf1d70df','2021-04-10 15:36:20','<a href=\'listing-item.jsp?listingUUID=68e8431f-7c28-4be0-b00d-0270626b229f\'>You were outbid on Apple 21.5\" iMac</a>',1),(244,'c4f87099-7bea-43de-8a9f-693013f94045','3fa2deb4-8b6d-4691-b7a6-709abcb722fd','2021-04-10 15:36:20','<a href=\'listing-item.jsp?listingUUID=68e8431f-7c28-4be0-b00d-0270626b229f\'>A bid was placed on Apple 21.5\" iMac</a>',1),(245,'550fcf13-82d8-40cf-bfd9-bf60e9891ccf','d39e6f73-b275-4960-84df-3cce1e8755cf','2021-04-10 15:36:21','<a href=\'listing-item.jsp?listingUUID=68e8431f-7c28-4be0-b00d-0270626b229f\'>You were outbid on Apple 21.5\" iMac</a>',1),(246,'c4f87099-7bea-43de-8a9f-693013f94045','cbf289a9-46b1-457e-9a06-1d3e38001c3a','2021-04-10 15:36:21','<a href=\'listing-item.jsp?listingUUID=68e8431f-7c28-4be0-b00d-0270626b229f\'>A bid was placed on Apple 21.5\" iMac</a>',1),(247,'6f8eb2ea-b2d1-4232-895a-482e4d5d0429','ee299e64-75ae-44e0-bf66-5cba56873d19','2021-04-10 15:36:21','<a href=\'listing-item.jsp?listingUUID=68e8431f-7c28-4be0-b00d-0270626b229f\'>You were outbid on Apple 21.5\" iMac</a>',1),(248,'c4f87099-7bea-43de-8a9f-693013f94045','d1a740fa-1921-405c-b6e8-3a5ebdea7588','2021-04-10 15:36:21','<a href=\'listing-item.jsp?listingUUID=68e8431f-7c28-4be0-b00d-0270626b229f\'>A bid was placed on Apple 21.5\" iMac</a>',1),(249,'550fcf13-82d8-40cf-bfd9-bf60e9891ccf','d540deaf-bf96-4d70-89f9-98b7fbab0daa','2021-04-10 15:36:21','<a href=\'listing-item.jsp?listingUUID=68e8431f-7c28-4be0-b00d-0270626b229f\'>You were outbid on Apple 21.5\" iMac</a>',1),(250,'c4f87099-7bea-43de-8a9f-693013f94045','06e1b5a8-6e46-42fd-8a9b-c60d2294e71d','2021-04-10 15:36:21','<a href=\'listing-item.jsp?listingUUID=68e8431f-7c28-4be0-b00d-0270626b229f\'>A bid was placed on Apple 21.5\" iMac</a>',1),(251,'6f8eb2ea-b2d1-4232-895a-482e4d5d0429','402c044e-00b3-49e4-b667-84a84cbdb4dd','2021-04-10 15:36:21','<a href=\'listing-item.jsp?listingUUID=68e8431f-7c28-4be0-b00d-0270626b229f\'>You were outbid on Apple 21.5\" iMac</a>',1),(252,'c4f87099-7bea-43de-8a9f-693013f94045','6efa9ba3-427c-4e1d-9917-31cfd14422fa','2021-04-10 15:36:21','<a href=\'listing-item.jsp?listingUUID=68e8431f-7c28-4be0-b00d-0270626b229f\'>A bid was placed on Apple 21.5\" iMac</a>',1),(253,'550fcf13-82d8-40cf-bfd9-bf60e9891ccf','bdcca512-7bc6-49d2-8d06-a040157ab7cf','2021-04-10 15:36:21','<a href=\'listing-item.jsp?listingUUID=68e8431f-7c28-4be0-b00d-0270626b229f\'>You were outbid on Apple 21.5\" iMac</a>',1),(254,'c4f87099-7bea-43de-8a9f-693013f94045','5782f234-e8e9-4acf-8be9-3a254e0d2f42','2021-04-10 15:36:21','<a href=\'listing-item.jsp?listingUUID=68e8431f-7c28-4be0-b00d-0270626b229f\'>A bid was placed on Apple 21.5\" iMac</a>',1),(255,'6f8eb2ea-b2d1-4232-895a-482e4d5d0429','5916e784-7489-4262-bd2d-4257d5968505','2021-04-10 15:36:21','<a href=\'listing-item.jsp?listingUUID=68e8431f-7c28-4be0-b00d-0270626b229f\'>You were outbid on Apple 21.5\" iMac</a>',1),(256,'c4f87099-7bea-43de-8a9f-693013f94045','23e2b64d-c2ec-4e30-b7d2-8af85f1e0d75','2021-04-10 15:36:21','<a href=\'listing-item.jsp?listingUUID=68e8431f-7c28-4be0-b00d-0270626b229f\'>A bid was placed on Apple 21.5\" iMac</a>',1),(257,'550fcf13-82d8-40cf-bfd9-bf60e9891ccf','fc55e1aa-2165-47d9-9a7e-d91f20a19be0','2021-04-10 15:36:21','<a href=\'listing-item.jsp?listingUUID=68e8431f-7c28-4be0-b00d-0270626b229f\'>You were outbid on Apple 21.5\" iMac</a>',1),(258,'c4f87099-7bea-43de-8a9f-693013f94045','47c63af0-bd89-49b0-8b49-dde9e6595399','2021-04-10 15:36:21','<a href=\'listing-item.jsp?listingUUID=68e8431f-7c28-4be0-b00d-0270626b229f\'>A bid was placed on Apple 21.5\" iMac</a>',1),(259,'6f8eb2ea-b2d1-4232-895a-482e4d5d0429','a13d434c-6271-4fde-8a19-58c8f392e7d5','2021-04-10 15:36:21','<a href=\'listing-item.jsp?listingUUID=68e8431f-7c28-4be0-b00d-0270626b229f\'>You were outbid on Apple 21.5\" iMac</a>',1),(260,'c4f87099-7bea-43de-8a9f-693013f94045','9f062cc2-c5d8-42c2-90da-f75d72c49a04','2021-04-10 15:36:21','<a href=\'listing-item.jsp?listingUUID=68e8431f-7c28-4be0-b00d-0270626b229f\'>A bid was placed on Apple 21.5\" iMac</a>',1),(261,'550fcf13-82d8-40cf-bfd9-bf60e9891ccf','2c8eb5c5-23bc-4cfb-a8f5-9fb2ac93f2ea','2021-04-10 15:36:21','<a href=\'listing-item.jsp?listingUUID=68e8431f-7c28-4be0-b00d-0270626b229f\'>You were outbid on Apple 21.5\" iMac</a>',1),(262,'c4f87099-7bea-43de-8a9f-693013f94045','eba1a9e1-fd54-4278-8906-b41abe2379b7','2021-04-10 15:36:21','<a href=\'listing-item.jsp?listingUUID=68e8431f-7c28-4be0-b00d-0270626b229f\'>A bid was placed on Apple 21.5\" iMac</a>',1),(263,'6f8eb2ea-b2d1-4232-895a-482e4d5d0429','e04fa3f7-59f8-49c4-99d8-63921b76740b','2021-04-10 15:36:21','<a href=\'listing-item.jsp?listingUUID=68e8431f-7c28-4be0-b00d-0270626b229f\'>You were outbid on Apple 21.5\" iMac</a>',1),(264,'c4f87099-7bea-43de-8a9f-693013f94045','17540e21-bfa5-48e9-95af-647b9dfb0b2f','2021-04-10 15:36:21','<a href=\'listing-item.jsp?listingUUID=68e8431f-7c28-4be0-b00d-0270626b229f\'>A bid was placed on Apple 21.5\" iMac</a>',1),(265,'550fcf13-82d8-40cf-bfd9-bf60e9891ccf','35d6372d-8227-40c0-ad27-01bf52a36620','2021-04-10 15:36:21','<a href=\'listing-item.jsp?listingUUID=68e8431f-7c28-4be0-b00d-0270626b229f\'>You were outbid on Apple 21.5\" iMac</a>',1),(266,'c4f87099-7bea-43de-8a9f-693013f94045','0ee1296e-d396-4b99-9269-a94143f5fe54','2021-04-10 15:36:21','<a href=\'listing-item.jsp?listingUUID=68e8431f-7c28-4be0-b00d-0270626b229f\'>A bid was placed on Apple 21.5\" iMac</a>',1),(267,'6f8eb2ea-b2d1-4232-895a-482e4d5d0429','039e71b0-930d-46ea-8665-3b78bf08e2a2','2021-04-10 15:36:21','<a href=\'listing-item.jsp?listingUUID=68e8431f-7c28-4be0-b00d-0270626b229f\'>You were outbid on Apple 21.5\" iMac</a>',1),(268,'c4f87099-7bea-43de-8a9f-693013f94045','c5c80c15-5560-4d9d-a189-51baf6963d9d','2021-04-10 15:36:21','<a href=\'listing-item.jsp?listingUUID=68e8431f-7c28-4be0-b00d-0270626b229f\'>A bid was placed on Apple 21.5\" iMac</a>',1),(269,'550fcf13-82d8-40cf-bfd9-bf60e9891ccf','6e8f43be-993e-4108-b70b-f828c1a91626','2021-04-10 15:36:22','<a href=\'listing-item.jsp?listingUUID=68e8431f-7c28-4be0-b00d-0270626b229f\'>You were outbid on Apple 21.5\" iMac</a>',1),(270,'c4f87099-7bea-43de-8a9f-693013f94045','98324e2d-41ef-4782-b6dd-b7322768688e','2021-04-10 15:36:22','<a href=\'listing-item.jsp?listingUUID=68e8431f-7c28-4be0-b00d-0270626b229f\'>A bid was placed on Apple 21.5\" iMac</a>',1),(271,'6f8eb2ea-b2d1-4232-895a-482e4d5d0429','b1890e57-7474-463a-9b48-f2ba27a29087','2021-04-10 15:36:22','<a href=\'listing-item.jsp?listingUUID=68e8431f-7c28-4be0-b00d-0270626b229f\'>You were outbid on Apple 21.5\" iMac</a>',1),(272,'c4f87099-7bea-43de-8a9f-693013f94045','86c8c67a-a859-4588-be05-9fc474916b91','2021-04-10 15:36:22','<a href=\'listing-item.jsp?listingUUID=68e8431f-7c28-4be0-b00d-0270626b229f\'>A bid was placed on Apple 21.5\" iMac</a>',1),(273,'550fcf13-82d8-40cf-bfd9-bf60e9891ccf','c33a26c9-2899-472a-afd0-cc05a8d9ec10','2021-04-10 15:36:22','<a href=\'listing-item.jsp?listingUUID=68e8431f-7c28-4be0-b00d-0270626b229f\'>You were outbid on Apple 21.5\" iMac</a>',1),(274,'c4f87099-7bea-43de-8a9f-693013f94045','260ca77d-0334-478c-bdc5-aa1d2bf0dd10','2021-04-10 15:36:22','<a href=\'listing-item.jsp?listingUUID=68e8431f-7c28-4be0-b00d-0270626b229f\'>A bid was placed on Apple 21.5\" iMac</a>',1),(275,'6f8eb2ea-b2d1-4232-895a-482e4d5d0429','99180211-67b4-4271-8ef0-a3476bccd941','2021-04-10 15:36:22','<a href=\'listing-item.jsp?listingUUID=68e8431f-7c28-4be0-b00d-0270626b229f\'>You were outbid on Apple 21.5\" iMac</a>',1),(276,'c4f87099-7bea-43de-8a9f-693013f94045','5ed78ba6-f312-458b-94cd-658242a4df1f','2021-04-10 15:36:22','<a href=\'listing-item.jsp?listingUUID=68e8431f-7c28-4be0-b00d-0270626b229f\'>A bid was placed on Apple 21.5\" iMac</a>',1),(277,'550fcf13-82d8-40cf-bfd9-bf60e9891ccf','17f2e02b-c66d-4401-b733-9c5fab033e53','2021-04-10 15:36:22','<a href=\'listing-item.jsp?listingUUID=68e8431f-7c28-4be0-b00d-0270626b229f\'>You were outbid on Apple 21.5\" iMac</a>',1),(278,'c4f87099-7bea-43de-8a9f-693013f94045','519c0229-f81c-4802-81de-3c8c66e80dc5','2021-04-10 15:36:22','<a href=\'listing-item.jsp?listingUUID=68e8431f-7c28-4be0-b00d-0270626b229f\'>A bid was placed on Apple 21.5\" iMac</a>',1),(279,'6f8eb2ea-b2d1-4232-895a-482e4d5d0429','09dba9ba-1e04-4baf-bff7-37ff218aa3b8','2021-04-10 15:36:22','<a href=\'listing-item.jsp?listingUUID=68e8431f-7c28-4be0-b00d-0270626b229f\'>You were outbid on Apple 21.5\" iMac</a>',1),(280,'c4f87099-7bea-43de-8a9f-693013f94045','d9b20d82-b2da-450a-bf44-39788c55c87a','2021-04-10 15:36:22','<a href=\'listing-item.jsp?listingUUID=68e8431f-7c28-4be0-b00d-0270626b229f\'>A bid was placed on Apple 21.5\" iMac</a>',1),(281,'550fcf13-82d8-40cf-bfd9-bf60e9891ccf','313cd8bb-df6e-4467-9950-17f2d6a1545e','2021-04-10 15:36:22','<a href=\'listing-item.jsp?listingUUID=68e8431f-7c28-4be0-b00d-0270626b229f\'>You were outbid on Apple 21.5\" iMac</a>',1),(282,'c4f87099-7bea-43de-8a9f-693013f94045','de07cccf-f1b5-44f0-b87e-e83ed97a2d50','2021-04-10 15:36:22','<a href=\'listing-item.jsp?listingUUID=68e8431f-7c28-4be0-b00d-0270626b229f\'>A bid was placed on Apple 21.5\" iMac</a>',1),(283,'6f8eb2ea-b2d1-4232-895a-482e4d5d0429','70b0d0a8-b71e-4605-9d67-44171052476f','2021-04-10 15:36:22','<a href=\'listing-item.jsp?listingUUID=68e8431f-7c28-4be0-b00d-0270626b229f\'>You were outbid on Apple 21.5\" iMac</a>',1),(284,'c4f87099-7bea-43de-8a9f-693013f94045','f33a7ec1-ae33-4766-8e7f-57fab215a692','2021-04-10 15:36:22','<a href=\'listing-item.jsp?listingUUID=68e8431f-7c28-4be0-b00d-0270626b229f\'>A bid was placed on Apple 21.5\" iMac</a>',1),(285,'550fcf13-82d8-40cf-bfd9-bf60e9891ccf','71bcb428-869d-4d83-b35c-fa53dea4d929','2021-04-10 15:36:22','<a href=\'listing-item.jsp?listingUUID=68e8431f-7c28-4be0-b00d-0270626b229f\'>You were outbid on Apple 21.5\" iMac</a>',1),(286,'c4f87099-7bea-43de-8a9f-693013f94045','f55c59de-d18c-417e-84c1-19f62c78b49f','2021-04-10 15:36:22','<a href=\'listing-item.jsp?listingUUID=68e8431f-7c28-4be0-b00d-0270626b229f\'>A bid was placed on Apple 21.5\" iMac</a>',1),(287,'6f8eb2ea-b2d1-4232-895a-482e4d5d0429','6444d9cd-3171-49b6-8f76-dc2a7a783b77','2021-04-10 15:36:22','<a href=\'listing-item.jsp?listingUUID=68e8431f-7c28-4be0-b00d-0270626b229f\'>You were outbid on Apple 21.5\" iMac</a>',1),(288,'c4f87099-7bea-43de-8a9f-693013f94045','866f28e4-e114-4d86-86ba-496d1c4d7cdf','2021-04-10 15:36:22','<a href=\'listing-item.jsp?listingUUID=68e8431f-7c28-4be0-b00d-0270626b229f\'>A bid was placed on Apple 21.5\" iMac</a>',1),(289,'550fcf13-82d8-40cf-bfd9-bf60e9891ccf','8c095525-7924-467e-bc98-17a4b15df34a','2021-04-10 15:36:22','<a href=\'listing-item.jsp?listingUUID=68e8431f-7c28-4be0-b00d-0270626b229f\'>You were outbid on Apple 21.5\" iMac</a>',1),(290,'c4f87099-7bea-43de-8a9f-693013f94045','e18303c5-2504-43e8-8a89-5fb017ac14b9','2021-04-10 15:36:22','<a href=\'listing-item.jsp?listingUUID=68e8431f-7c28-4be0-b00d-0270626b229f\'>A bid was placed on Apple 21.5\" iMac</a>',1),(291,'6f8eb2ea-b2d1-4232-895a-482e4d5d0429','95268f2f-abab-4ee3-9a51-f88ea322a738','2021-04-10 15:36:22','<a href=\'listing-item.jsp?listingUUID=68e8431f-7c28-4be0-b00d-0270626b229f\'>You were outbid on Apple 21.5\" iMac</a>',1),(292,'c4f87099-7bea-43de-8a9f-693013f94045','ddf1f01e-07ff-4cf6-ae73-5cce2d0a07e4','2021-04-10 15:36:22','<a href=\'listing-item.jsp?listingUUID=68e8431f-7c28-4be0-b00d-0270626b229f\'>A bid was placed on Apple 21.5\" iMac</a>',1),(293,'550fcf13-82d8-40cf-bfd9-bf60e9891ccf','54be1b2a-f43b-492d-a29b-d0330f3fc1cb','2021-04-10 15:36:22','<a href=\'listing-item.jsp?listingUUID=68e8431f-7c28-4be0-b00d-0270626b229f\'>You were outbid on Apple 21.5\" iMac</a>',1),(294,'c4f87099-7bea-43de-8a9f-693013f94045','59bcfb04-4f20-488a-9233-5fa3c57f79d9','2021-04-10 15:36:22','<a href=\'listing-item.jsp?listingUUID=68e8431f-7c28-4be0-b00d-0270626b229f\'>A bid was placed on Apple 21.5\" iMac</a>',1),(295,'6f8eb2ea-b2d1-4232-895a-482e4d5d0429','dc562faf-c644-4b79-a222-a40c81d7a0fc','2021-04-10 15:36:22','<a href=\'listing-item.jsp?listingUUID=68e8431f-7c28-4be0-b00d-0270626b229f\'>You were outbid on Apple 21.5\" iMac</a>',1),(296,'c4f87099-7bea-43de-8a9f-693013f94045','51e6d141-0b38-4f30-af3e-d3afd3b92a71','2021-04-10 15:36:22','<a href=\'listing-item.jsp?listingUUID=68e8431f-7c28-4be0-b00d-0270626b229f\'>A bid was placed on Apple 21.5\" iMac</a>',1),(297,'550fcf13-82d8-40cf-bfd9-bf60e9891ccf','505d79a8-714e-483f-8210-1c51f3ad56fe','2021-04-10 15:36:23','<a href=\'listing-item.jsp?listingUUID=68e8431f-7c28-4be0-b00d-0270626b229f\'>You were outbid on Apple 21.5\" iMac</a>',1),(298,'c4f87099-7bea-43de-8a9f-693013f94045','ed3b8c34-fdfa-4bad-90fc-036e61a825d7','2021-04-10 15:36:23','<a href=\'listing-item.jsp?listingUUID=68e8431f-7c28-4be0-b00d-0270626b229f\'>A bid was placed on Apple 21.5\" iMac</a>',1),(299,'6f8eb2ea-b2d1-4232-895a-482e4d5d0429','a39e7216-635c-4e35-b03b-d83cec825449','2021-04-10 15:36:23','<a href=\'listing-item.jsp?listingUUID=68e8431f-7c28-4be0-b00d-0270626b229f\'>You were outbid on Apple 21.5\" iMac</a>',1),(300,'c4f87099-7bea-43de-8a9f-693013f94045','6f20f3c3-dce7-4f30-89fd-b0b6cf0cf01a','2021-04-10 15:36:23','<a href=\'listing-item.jsp?listingUUID=68e8431f-7c28-4be0-b00d-0270626b229f\'>A bid was placed on Apple 21.5\" iMac</a>',1),(301,'550fcf13-82d8-40cf-bfd9-bf60e9891ccf','e8850c7a-3725-4bd9-a589-c907ac77d2b9','2021-04-10 15:36:23','<a href=\'listing-item.jsp?listingUUID=68e8431f-7c28-4be0-b00d-0270626b229f\'>You were outbid on Apple 21.5\" iMac</a>',1),(302,'c4f87099-7bea-43de-8a9f-693013f94045','8a5efe27-e277-4fbf-8cf6-610635c810c0','2021-04-10 15:36:23','<a href=\'listing-item.jsp?listingUUID=68e8431f-7c28-4be0-b00d-0270626b229f\'>A bid was placed on Apple 21.5\" iMac</a>',1),(303,'6f8eb2ea-b2d1-4232-895a-482e4d5d0429','a058aa0c-767c-4587-997c-d9b98347fb9d','2021-04-10 15:36:23','<a href=\'listing-item.jsp?listingUUID=68e8431f-7c28-4be0-b00d-0270626b229f\'>You were outbid on Apple 21.5\" iMac</a>',1),(304,'c4f87099-7bea-43de-8a9f-693013f94045','9e3b597d-130b-4676-9834-c0e4bb1d2888','2021-04-10 15:36:23','<a href=\'listing-item.jsp?listingUUID=68e8431f-7c28-4be0-b00d-0270626b229f\'>A bid was placed on Apple 21.5\" iMac</a>',1),(305,'550fcf13-82d8-40cf-bfd9-bf60e9891ccf','dd46df35-7071-4367-950f-d614ad2a90d8','2021-04-10 15:36:23','<a href=\'listing-item.jsp?listingUUID=68e8431f-7c28-4be0-b00d-0270626b229f\'>You were outbid on Apple 21.5\" iMac</a>',1),(306,'c4f87099-7bea-43de-8a9f-693013f94045','9bc28c9f-ccd5-4a6f-9cd4-4fcce666f709','2021-04-10 15:36:23','<a href=\'listing-item.jsp?listingUUID=68e8431f-7c28-4be0-b00d-0270626b229f\'>A bid was placed on Apple 21.5\" iMac</a>',1),(307,'6f8eb2ea-b2d1-4232-895a-482e4d5d0429','64513bb7-3c2a-442b-87f2-5315c7fecdf3','2021-04-10 15:36:23','<a href=\'listing-item.jsp?listingUUID=68e8431f-7c28-4be0-b00d-0270626b229f\'>You were outbid on Apple 21.5\" iMac</a>',1),(308,'c4f87099-7bea-43de-8a9f-693013f94045','f18431ec-353e-4f81-b24c-86be117951f6','2021-04-10 15:36:23','<a href=\'listing-item.jsp?listingUUID=68e8431f-7c28-4be0-b00d-0270626b229f\'>A bid was placed on Apple 21.5\" iMac</a>',1),(309,'550fcf13-82d8-40cf-bfd9-bf60e9891ccf','85cde4c9-764c-426e-bf6d-2b19857ad63d','2021-04-10 15:36:23','<a href=\'listing-item.jsp?listingUUID=68e8431f-7c28-4be0-b00d-0270626b229f\'>You were outbid on Apple 21.5\" iMac</a>',1),(310,'c4f87099-7bea-43de-8a9f-693013f94045','f4b66c83-b58b-4562-b504-a202fd1944ec','2021-04-10 15:36:23','<a href=\'listing-item.jsp?listingUUID=68e8431f-7c28-4be0-b00d-0270626b229f\'>A bid was placed on Apple 21.5\" iMac</a>',1),(311,'6f8eb2ea-b2d1-4232-895a-482e4d5d0429','532ce22b-b5c3-4fa3-9e88-b7403ca29941','2021-04-10 15:36:23','<a href=\'listing-item.jsp?listingUUID=68e8431f-7c28-4be0-b00d-0270626b229f\'>You were outbid on Apple 21.5\" iMac</a>',1),(312,'c4f87099-7bea-43de-8a9f-693013f94045','6b45fd02-5d6e-4400-9fd5-866d84a06934','2021-04-10 15:36:23','<a href=\'listing-item.jsp?listingUUID=68e8431f-7c28-4be0-b00d-0270626b229f\'>A bid was placed on Apple 21.5\" iMac</a>',1),(313,'550fcf13-82d8-40cf-bfd9-bf60e9891ccf','8ba27e16-6f4a-4d99-974c-5c63e3207909','2021-04-10 15:36:23','<a href=\'listing-item.jsp?listingUUID=68e8431f-7c28-4be0-b00d-0270626b229f\'>You were outbid on Apple 21.5\" iMac</a>',1),(314,'c4f87099-7bea-43de-8a9f-693013f94045','e54daea2-5caa-4603-a029-e8e19dd7affb','2021-04-10 15:36:23','<a href=\'listing-item.jsp?listingUUID=68e8431f-7c28-4be0-b00d-0270626b229f\'>A bid was placed on Apple 21.5\" iMac</a>',1),(315,'6f8eb2ea-b2d1-4232-895a-482e4d5d0429','f0bd27c8-485a-4c61-b818-622250d8357f','2021-04-10 15:36:23','<a href=\'listing-item.jsp?sold=1&listingUUID=68e8431f-7c28-4be0-b00d-0270626b229f\'>You won Apple 21.5\" iMac!</a>',1),(316,'550fcf13-82d8-40cf-bfd9-bf60e9891ccf','3d7a2fc3-5b29-4c78-9d46-e719d9e91d20','2021-04-10 15:36:23','<a href=\'listing-item.jsp?sold=1&listingUUID=68e8431f-7c28-4be0-b00d-0270626b229f\'>Apple 21.5\" iMac has been sold!</a>',1),(317,'c4f87099-7bea-43de-8a9f-693013f94045','116addb3-9813-4aed-b6fe-29acb4eb7b1c','2021-04-10 15:36:23','<a href=\'listing-item.jsp?sold=1&listingUUID=68e8431f-7c28-4be0-b00d-0270626b229f\'>Apple 21.5\" iMac has been sold!</a>',1),(318,'6f8eb2ea-b2d1-4232-895a-482e4d5d0429','7e1ef5ad-f8ad-4edd-b50b-9221ed5655fb','2021-04-10 15:57:36','<a href=\'listing-item.jsp?sold=1&listingUUID=68e8431f-7c28-4be0-b00d-0270626b229f\'>You won Apple 21.5\" iMac!</a>',1),(319,'550fcf13-82d8-40cf-bfd9-bf60e9891ccf','8460cc6d-7644-4cc6-beff-0ba07d8d82a7','2021-04-10 16:11:55','<a href=\'listing-item.jsp?listingUUID=68e8431f-7c28-4be0-b00d-0270626b229f\'>A bid was placed on Apple 21.5\" iMac</a>',1),(320,'c4f87099-7bea-43de-8a9f-693013f94045','00d65a85-ed7e-4581-937e-749e430e62b5','2021-04-10 16:11:55','<a href=\'listing-item.jsp?listingUUID=68e8431f-7c28-4be0-b00d-0270626b229f\'>A bid was placed on Apple 21.5\" iMac</a>',1),(321,'550fcf13-82d8-40cf-bfd9-bf60e9891ccf','14c09e88-ed6a-46e6-a3f2-1dc04cefbca4','2021-04-10 16:12:06','<a href=\'listing-item.jsp?listingUUID=68e8431f-7c28-4be0-b00d-0270626b229f\'>A bid was placed on Apple 21.5\" iMac</a>',1),(322,'c4f87099-7bea-43de-8a9f-693013f94045','67cda459-7d85-4472-8781-9048a94233d9','2021-04-10 16:12:06','<a href=\'listing-item.jsp?listingUUID=68e8431f-7c28-4be0-b00d-0270626b229f\'>A bid was placed on Apple 21.5\" iMac</a>',1),(352,'694c400d-ca1d-45ab-b980-0ad9cfaa7b69','0d1e0227-96ee-46cf-af47-bad310200aa9','2021-04-11 21:11:54','900dd9bd-b40d-457c-93d8-18d8f2595b8f',0),(353,'3076f6a3-e853-481a-9c43-b710367b7e68','1e3ecc17-690c-46aa-876e-66d86fbe6bc2','2021-04-11 21:11:54','900dd9bd-b40d-457c-93d8-18d8f2595b8f',0),(354,'e5dfe15a-07c6-4846-bda4-6e304ece102f','dc5d0ece-07eb-4f28-ad8f-e1408cd18959','2021-04-11 21:17:33','<a href=\'listing-item.jsp?listingUUID=900dd9bd-b40d-457c-93d8-18d8f2595b8f\'>You were outbid on Wilson NFL Leather Football</a>',1),(355,'e5dfe15a-07c6-4846-bda4-6e304ece102f','43d0eed0-7d01-4ef2-b196-d36c2be89eae','2021-04-11 21:18:57','<a href=\'listing-item.jsp?listingUUID=900dd9bd-b40d-457c-93d8-18d8f2595b8f\'>You were outbid on Wilson NFL Leather Football</a>',0),(356,'6504cfd9-5a04-4244-92d5-f4e5e95553e6','adc0b645-4ec8-44ec-92af-80d4b5f7bc8b','2021-04-11 21:18:57','<a href=\'listing-item.jsp?listingUUID=900dd9bd-b40d-457c-93d8-18d8f2595b8f\'>You were outbid on Wilson NFL Leather Football</a>',0),(357,'e5dfe15a-07c6-4846-bda4-6e304ece102f','2c912ad1-1391-4ae4-b122-18e0fc07c6a6','2021-04-11 21:19:02','<a href=\'listing-item.jsp?listingUUID=900dd9bd-b40d-457c-93d8-18d8f2595b8f\'>You were outbid on Wilson NFL Leather Football</a>',0),(358,'6504cfd9-5a04-4244-92d5-f4e5e95553e6','87c06390-d879-4c5d-b5ae-7656178dc640','2021-04-11 21:19:02','<a href=\'listing-item.jsp?listingUUID=900dd9bd-b40d-457c-93d8-18d8f2595b8f\'>You were outbid on Wilson NFL Leather Football</a>',0),(359,'6504cfd9-5a04-4244-92d5-f4e5e95553e6','92317f3a-95a0-4112-985c-c23a79f982af','2021-04-11 21:19:06','You were outbidded on Wilson NFL Leather Football because your upper-limit was surpassed. Please update your settings to be included in this auction.',0),(360,'6504cfd9-5a04-4244-92d5-f4e5e95553e6','2b394923-bcf7-4fb7-9488-a0de5071f3c9','2021-04-11 21:19:06','<a href=\'listing-item.jsp?listingUUID=900dd9bd-b40d-457c-93d8-18d8f2595b8f\'>You were outbid on Wilson NFL Leather Football</a>',0),(361,'e5dfe15a-07c6-4846-bda4-6e304ece102f','e3463ca1-fa99-4776-a769-75e130b0c4be','2021-04-11 21:19:59','<a href=\'listing-item.jsp?listingUUID=900dd9bd-b40d-457c-93d8-18d8f2595b8f\'>You were outbid on Wilson NFL Leather Football</a>',0),(362,'e5dfe15a-07c6-4846-bda4-6e304ece102f','aea27e2c-a866-4ec8-acad-dd856e3a96bf','2021-04-11 21:20:21','<a href=\'listing-item.jsp?listingUUID=900dd9bd-b40d-457c-93d8-18d8f2595b8f\'>You were outbid on Wilson NFL Leather Football</a>',0),(363,'6504cfd9-5a04-4244-92d5-f4e5e95553e6','ec22d0b5-4212-4cf6-a79c-0e5c6240208c','2021-04-11 21:20:21','<a href=\'listing-item.jsp?listingUUID=900dd9bd-b40d-457c-93d8-18d8f2595b8f\'>You were outbid on Wilson NFL Leather Football</a>',0),(364,'e5dfe15a-07c6-4846-bda4-6e304ece102f','718f0e9f-3621-403b-a7a6-c2852d30c972','2021-04-11 21:20:23','<a href=\'listing-item.jsp?listingUUID=900dd9bd-b40d-457c-93d8-18d8f2595b8f\'>You were outbid on Wilson NFL Leather Football</a>',0),(365,'6504cfd9-5a04-4244-92d5-f4e5e95553e6','f1923977-6ec9-4314-9d6b-d0247ce5f4b0','2021-04-11 21:20:23','<a href=\'listing-item.jsp?listingUUID=900dd9bd-b40d-457c-93d8-18d8f2595b8f\'>You were outbid on Wilson NFL Leather Football</a>',0),(366,'6504cfd9-5a04-4244-92d5-f4e5e95553e6','64b2b139-0779-47ce-91d8-b2c2c58f1534','2021-04-11 21:20:41','You were outbidded on Wilson NFL Leather Football because your upper-limit was surpassed. Please update your settings to be included in this auction.',0),(367,'6504cfd9-5a04-4244-92d5-f4e5e95553e6','b622c1a2-b385-483c-9e98-730913a039ac','2021-04-11 21:20:41','<a href=\'listing-item.jsp?listingUUID=900dd9bd-b40d-457c-93d8-18d8f2595b8f\'>You were outbid on Wilson NFL Leather Football</a>',0),(368,'6504cfd9-5a04-4244-92d5-f4e5e95553e6','7c3eb209-be53-4e36-8d81-d3a4aec0012b','2021-04-11 21:20:44','You were outbidded on Wilson NFL Leather Football because your upper-limit was surpassed. Please update your settings to be included in this auction.',0),(369,'6504cfd9-5a04-4244-92d5-f4e5e95553e6','fb6ec0ce-06e7-41ac-a54f-9616abe01e46','2021-04-11 21:20:44','<a href=\'listing-item.jsp?listingUUID=900dd9bd-b40d-457c-93d8-18d8f2595b8f\'>You were outbid on Wilson NFL Leather Football</a>',0),(370,'6504cfd9-5a04-4244-92d5-f4e5e95553e6','681bfd0a-de66-444f-b356-fa28f487e654','2021-04-11 21:23:08','<a href=\'listing-item.jsp?sold=1&listingUUID=900dd9bd-b40d-457c-93d8-18d8f2595b8f\'>Wilson NFL Leather Football has been sold!</a>',0),(371,'e5dfe15a-07c6-4846-bda4-6e304ece102f','51e42624-0b75-4083-84cd-6ba8aa6124b6','2021-04-11 21:23:08','<a href=\'listing-item.jsp?sold=1&listingUUID=900dd9bd-b40d-457c-93d8-18d8f2595b8f\'>You won Wilson NFL Leather Football!</a>',0);
/*!40000 ALTER TABLE `Alerts` ENABLE KEYS */;
UNLOCK TABLES;

--
-- Table structure for table `AutomaticBid`
--

DROP TABLE IF EXISTS `AutomaticBid`;
/*!40101 SET @saved_cs_client     = @@character_set_client */;
/*!50503 SET character_set_client = utf8mb4 */;
CREATE TABLE `AutomaticBid` (
  `id` int(11) NOT NULL AUTO_INCREMENT,
  `buyer_uuid` varchar(36) NOT NULL,
  `listing_uuid` varchar(36) NOT NULL,
  `upper_limit` decimal(10,2) NOT NULL,
  `increment` decimal(10,2) NOT NULL,
  `created` datetime NOT NULL DEFAULT CURRENT_TIMESTAMP,
  `deleted` datetime DEFAULT NULL,
  PRIMARY KEY (`id`),
  KEY `buyer_uuid` (`buyer_uuid`),
  KEY `listing_uuid` (`listing_uuid`),
  CONSTRAINT `AutomaticBid_ibfk_1` FOREIGN KEY (`buyer_uuid`) REFERENCES `Users` (`acc_uuid`),
  CONSTRAINT `AutomaticBid_ibfk_2` FOREIGN KEY (`listing_uuid`) REFERENCES `Listing` (`listing_uuid`)
) ENGINE=InnoDB AUTO_INCREMENT=24 DEFAULT CHARSET=utf8;
/*!40101 SET character_set_client = @saved_cs_client */;

--
-- Dumping data for table `AutomaticBid`
--

LOCK TABLES `AutomaticBid` WRITE;
/*!40000 ALTER TABLE `AutomaticBid` DISABLE KEYS */;
INSERT INTO `AutomaticBid` VALUES (2,'c206d92f-58d2-4ad8-b739-ab9ab424132a','3b502a11-69bf-4e20-869a-2f662662df66',350.00,5.00,'2021-04-03 02:27:37','2021-04-03 02:40:37'),(3,'d36a501d-450b-42f3-981b-f38bbc12191d','75ad14d5-9c34-478d-a3c2-c6c7262d4db1',60.00,8.00,'2021-04-03 02:56:33','2021-04-03 02:57:33'),(5,'d36a501d-450b-42f3-981b-f38bbc12191d','6a19485e-1dc9-4f00-8a6a-0c407457a5aa',275.00,10.00,'2021-04-03 03:18:34',NULL),(20,'b382d151-d7ff-4334-b0b1-f22f15b89a17','68e8431f-7c28-4be0-b00d-0270626b229f',2200.00,25.00,'2021-04-10 15:36:18','2021-04-10 15:57:36'),(23,'f6f015d4-26a0-496d-994c-9c09e7418109','900dd9bd-b40d-457c-93d8-18d8f2595b8f',150.00,6.00,'2021-04-11 21:17:33','2021-04-11 21:23:08');
/*!40000 ALTER TABLE `AutomaticBid` ENABLE KEYS */;
UNLOCK TABLES;

--
-- Table structure for table `Bid`
--

DROP TABLE IF EXISTS `Bid`;
/*!40101 SET @saved_cs_client     = @@character_set_client */;
/*!50503 SET character_set_client = utf8mb4 */;
CREATE TABLE `Bid` (
  `id` int(11) NOT NULL AUTO_INCREMENT,
  `bid_uuid` varchar(36) NOT NULL,
  `buyer_uuid` varchar(36) NOT NULL,
  `listing_uuid` varchar(36) NOT NULL,
  `amount` decimal(10,2) NOT NULL,
  `created` datetime NOT NULL DEFAULT CURRENT_TIMESTAMP,
  `deleted` datetime DEFAULT NULL,
  PRIMARY KEY (`id`),
  KEY `buyer_uuid` (`buyer_uuid`),
  KEY `listing_uuid` (`listing_uuid`),
  CONSTRAINT `Bid_ibfk_1` FOREIGN KEY (`buyer_uuid`) REFERENCES `Users` (`acc_uuid`),
  CONSTRAINT `Bid_ibfk_2` FOREIGN KEY (`listing_uuid`) REFERENCES `Listing` (`listing_uuid`)
) ENGINE=InnoDB AUTO_INCREMENT=267 DEFAULT CHARSET=utf8;
/*!40101 SET character_set_client = @saved_cs_client */;

--
-- Dumping data for table `Bid`
--

LOCK TABLES `Bid` WRITE;
/*!40000 ALTER TABLE `Bid` DISABLE KEYS */;
INSERT INTO `Bid` VALUES (1,'eaf56012-2d8c-435e-9240-b96b3a443ad8','c206d92f-58d2-4ad8-b739-ab9ab424132a','271b17c6-ca3b-4eeb-9586-b349a25ae869',38250.00,'2021-03-22 05:58:45',NULL),(2,'264f73dd-7c16-4a98-a070-aca0d9c1eb67','c206d92f-58d2-4ad8-b739-ab9ab424132a','271b17c6-ca3b-4eeb-9586-b349a25ae869',38500.00,'2021-03-22 05:58:46',NULL),(3,'1bdd9984-61db-4816-b0b9-283f06d3d641','c206d92f-58d2-4ad8-b739-ab9ab424132a','271b17c6-ca3b-4eeb-9586-b349a25ae869',38750.00,'2021-03-22 19:47:28',NULL),(4,'a1678fb7-edcf-4a6d-8f71-12e99b876ee6','c206d92f-58d2-4ad8-b739-ab9ab424132a','271b17c6-ca3b-4eeb-9586-b349a25ae869',39000.00,'2021-03-22 20:17:28',NULL),(5,'157e6aaf-e341-4a4c-b611-df3f997ea67a','f6f015d4-26a0-496d-994c-9c09e7418109','271b17c6-ca3b-4eeb-9586-b349a25ae869',39250.00,'2021-03-22 21:19:14',NULL),(80,'29649d98-a966-402e-a038-95f873f5ccc0','c206d92f-58d2-4ad8-b739-ab9ab424132a','018aa87b-f3e4-4cef-a1f9-33193d7b69da',1650.00,'2021-03-28 19:39:11',NULL),(81,'28afd0e2-a3c0-4c02-b5cb-6c294ae6fa7e','f6f015d4-26a0-496d-994c-9c09e7418109','ede146df-9500-4417-8ffa-1c5b089b4fa1',270.00,'2021-04-02 01:25:03',NULL),(82,'464bb4e9-3958-431b-8d59-7eec0f4ad427','d0530ead-6116-4628-bd63-bd356e4b54aa','ede146df-9500-4417-8ffa-1c5b089b4fa1',290.00,'2021-04-02 01:25:25',NULL),(83,'1e1a2dad-24a1-429b-9c9e-a4abbb6d7600','d36a501d-450b-42f3-981b-f38bbc12191d','3b502a11-69bf-4e20-869a-2f662662df66',305.00,'2021-04-03 02:27:58',NULL),(84,'0dc0cf61-cbe5-4b85-9a48-1461526de59d','c206d92f-58d2-4ad8-b739-ab9ab424132a','3b502a11-69bf-4e20-869a-2f662662df66',310.00,'2021-04-03 02:27:58',NULL),(85,'4c4d3a9d-de5a-4966-8333-377ca9b9ab96','d36a501d-450b-42f3-981b-f38bbc12191d','3b502a11-69bf-4e20-869a-2f662662df66',315.00,'2021-04-03 02:28:53',NULL),(86,'c97c7e28-c3b4-44a9-9b0b-e26a77390a30','c206d92f-58d2-4ad8-b739-ab9ab424132a','3b502a11-69bf-4e20-869a-2f662662df66',320.00,'2021-04-03 02:28:53',NULL),(87,'797c600d-1f40-461f-9c00-426da8e0e35b','d36a501d-450b-42f3-981b-f38bbc12191d','3b502a11-69bf-4e20-869a-2f662662df66',325.00,'2021-04-03 02:29:04',NULL),(88,'800042a1-eb7a-4986-aa35-0a78c0fdfb9e','c206d92f-58d2-4ad8-b739-ab9ab424132a','3b502a11-69bf-4e20-869a-2f662662df66',330.00,'2021-04-03 02:29:04',NULL),(89,'009f9aad-7636-4fd6-8778-cbd3425df982','d36a501d-450b-42f3-981b-f38bbc12191d','3b502a11-69bf-4e20-869a-2f662662df66',340.00,'2021-04-03 02:29:11',NULL),(90,'23be71b4-a1d3-431f-a2c3-68240cbc9f7e','c206d92f-58d2-4ad8-b739-ab9ab424132a','3b502a11-69bf-4e20-869a-2f662662df66',345.00,'2021-04-03 02:29:11',NULL),(91,'fd2b7807-4b6a-4308-b72b-e21d8cfdaba3','d36a501d-450b-42f3-981b-f38bbc12191d','3b502a11-69bf-4e20-869a-2f662662df66',350.00,'2021-04-03 02:29:18',NULL),(92,'19850b53-5568-401f-a3a6-bd3bf8f7a5cd','d0530ead-6116-4628-bd63-bd356e4b54aa','75ad14d5-9c34-478d-a3c2-c6c7262d4db1',48.00,'2021-04-03 02:56:50',NULL),(93,'593bec1d-6cce-4879-b521-932ef135e53c','d36a501d-450b-42f3-981b-f38bbc12191d','75ad14d5-9c34-478d-a3c2-c6c7262d4db1',56.00,'2021-04-03 02:56:50',NULL),(94,'51097164-210b-43db-8357-ef23809d0cb0','d0530ead-6116-4628-bd63-bd356e4b54aa','75ad14d5-9c34-478d-a3c2-c6c7262d4db1',64.00,'2021-04-03 02:57:15',NULL),(95,'8a2c1f52-dd8f-42d6-abd5-8d5b9fdec20f','d0530ead-6116-4628-bd63-bd356e4b54aa','75ad14d5-9c34-478d-a3c2-c6c7262d4db1',72.00,'2021-04-03 02:57:17',NULL),(96,'c1bc48fb-3534-4cd4-8598-e0db038d370a','d0530ead-6116-4628-bd63-bd356e4b54aa','75ad14d5-9c34-478d-a3c2-c6c7262d4db1',80.00,'2021-04-03 02:57:23',NULL),(97,'dbd5827b-73d8-4308-b40e-ff8eec384225','d0530ead-6116-4628-bd63-bd356e4b54aa','75ad14d5-9c34-478d-a3c2-c6c7262d4db1',88.00,'2021-04-03 02:57:28',NULL),(98,'9686c534-71b0-4b3f-95bb-9eb5d82c73d5','d0530ead-6116-4628-bd63-bd356e4b54aa','75ad14d5-9c34-478d-a3c2-c6c7262d4db1',96.00,'2021-04-03 02:57:32',NULL),(101,'15b37a9f-19ed-4d6b-87d8-f27e726e461c','f6f015d4-26a0-496d-994c-9c09e7418109','6a19485e-1dc9-4f00-8a6a-0c407457a5aa',250.00,'2021-04-03 03:19:49',NULL),(102,'d379c42f-d458-46f1-80c5-25cf16352132','d36a501d-450b-42f3-981b-f38bbc12191d','6a19485e-1dc9-4f00-8a6a-0c407457a5aa',260.00,'2021-04-03 03:19:49',NULL),(103,'46d27ecc-2fb6-4e2f-a428-abaf16524c75','c206d92f-58d2-4ad8-b739-ab9ab424132a','56a7ae11-bc68-468e-b93a-91f52181bf4a',180.00,'2021-04-08 22:08:12',NULL),(234,'99a098f1-da23-4535-84f3-fffff3f49ffe','b382d151-d7ff-4334-b0b1-f22f15b89a17','68e8431f-7c28-4be0-b00d-0270626b229f',775.00,'2021-04-10 16:11:55',NULL),(235,'c84465ea-f67e-4c13-8a0a-ae4eb7a3f595','b382d151-d7ff-4334-b0b1-f22f15b89a17','68e8431f-7c28-4be0-b00d-0270626b229f',800.00,'2021-04-10 16:12:06',NULL),(242,'b2f62cf6-5398-4308-9cca-94396aab683c','b382d151-d7ff-4334-b0b1-f22f15b89a17','4bae4149-8bf7-448e-82fd-547b3b5e5b73',55150.00,'2021-04-11 19:42:19',NULL),(253,'f2cbe13b-0b1e-44b4-9c6f-c33caf06bea0','d36a501d-450b-42f3-981b-f38bbc12191d','900dd9bd-b40d-457c-93d8-18d8f2595b8f',80.00,'2021-04-11 21:16:31',NULL),(254,'f2a1dc27-8e00-4619-9ee6-478a89b9277c','f6f015d4-26a0-496d-994c-9c09e7418109','900dd9bd-b40d-457c-93d8-18d8f2595b8f',86.00,'2021-04-11 21:17:33',NULL),(255,'3e09bd9c-9cba-4538-8761-56cdffa48e15','d36a501d-450b-42f3-981b-f38bbc12191d','900dd9bd-b40d-457c-93d8-18d8f2595b8f',91.00,'2021-04-11 21:18:57',NULL),(256,'8ba76a9f-d515-49d7-bcf1-75dd977f558f','f6f015d4-26a0-496d-994c-9c09e7418109','900dd9bd-b40d-457c-93d8-18d8f2595b8f',97.00,'2021-04-11 21:18:57',NULL),(257,'af28f6a3-dc04-4f9d-a71d-93c31b28d1d8','d36a501d-450b-42f3-981b-f38bbc12191d','900dd9bd-b40d-457c-93d8-18d8f2595b8f',102.00,'2021-04-11 21:19:02',NULL),(258,'28ad6f73-e767-4153-a3d1-cb879fe59b40','f6f015d4-26a0-496d-994c-9c09e7418109','900dd9bd-b40d-457c-93d8-18d8f2595b8f',108.00,'2021-04-11 21:19:02',NULL),(259,'6127cef2-68c3-4190-98fa-bb7b2dc6fb18','d36a501d-450b-42f3-981b-f38bbc12191d','900dd9bd-b40d-457c-93d8-18d8f2595b8f',113.00,'2021-04-11 21:19:06',NULL),(260,'96d8f249-7542-4f26-b5c2-c19d9c76024e','f6f015d4-26a0-496d-994c-9c09e7418109','900dd9bd-b40d-457c-93d8-18d8f2595b8f',119.00,'2021-04-11 21:19:59',NULL),(261,'04908c6e-1d25-447f-82d6-71a4534085f1','d36a501d-450b-42f3-981b-f38bbc12191d','900dd9bd-b40d-457c-93d8-18d8f2595b8f',124.00,'2021-04-11 21:20:21',NULL),(262,'694d9848-0ea9-439f-b179-8b8b4a869e37','f6f015d4-26a0-496d-994c-9c09e7418109','900dd9bd-b40d-457c-93d8-18d8f2595b8f',130.00,'2021-04-11 21:20:21',NULL),(263,'1fa5bc5c-30af-44d1-bec7-640df69eb41e','d36a501d-450b-42f3-981b-f38bbc12191d','900dd9bd-b40d-457c-93d8-18d8f2595b8f',135.00,'2021-04-11 21:20:23',NULL),(264,'274a2d5d-12db-4671-bc5c-3ef9584db264','f6f015d4-26a0-496d-994c-9c09e7418109','900dd9bd-b40d-457c-93d8-18d8f2595b8f',141.00,'2021-04-11 21:20:23',NULL),(265,'0ed20697-cdd7-4259-bf48-ac39480e442e','d36a501d-450b-42f3-981b-f38bbc12191d','900dd9bd-b40d-457c-93d8-18d8f2595b8f',146.00,'2021-04-11 21:20:41',NULL),(266,'61037dd6-062b-43d5-80d9-bbfa83462e67','d36a501d-450b-42f3-981b-f38bbc12191d','900dd9bd-b40d-457c-93d8-18d8f2595b8f',151.00,'2021-04-11 21:20:44',NULL);
/*!40000 ALTER TABLE `Bid` ENABLE KEYS */;
UNLOCK TABLES;

--
-- Table structure for table `Category`
--

DROP TABLE IF EXISTS `Category`;
/*!40101 SET @saved_cs_client     = @@character_set_client */;
/*!50503 SET character_set_client = utf8mb4 */;
CREATE TABLE `Category` (
  `id` int(11) NOT NULL AUTO_INCREMENT,
  `name` varchar(75) CHARACTER SET utf8 COLLATE utf8_general_ci NOT NULL,
  PRIMARY KEY (`id`)
) ENGINE=InnoDB AUTO_INCREMENT=16 DEFAULT CHARSET=utf8;
/*!40101 SET character_set_client = @saved_cs_client */;

--
-- Dumping data for table `Category`
--

LOCK TABLES `Category` WRITE;
/*!40000 ALTER TABLE `Category` DISABLE KEYS */;
INSERT INTO `Category` VALUES (1,'Electronics'),(2,'Jewelry'),(3,'Vehicles'),(4,'Clothing'),(5,'Sports'),(15,'Accessories');
/*!40000 ALTER TABLE `Category` ENABLE KEYS */;
UNLOCK TABLES;

--
-- Table structure for table `Events`
--

DROP TABLE IF EXISTS `Events`;
/*!40101 SET @saved_cs_client     = @@character_set_client */;
/*!50503 SET character_set_client = utf8mb4 */;
CREATE TABLE `Events` (
  `id` int(11) NOT NULL AUTO_INCREMENT,
  `acc_uuid` varchar(36) NOT NULL,
  `modified` datetime NOT NULL DEFAULT CURRENT_TIMESTAMP,
  `msg` varchar(500) CHARACTER SET utf8 COLLATE utf8_general_ci NOT NULL,
  PRIMARY KEY (`id`),
  KEY `acc_uuid` (`acc_uuid`),
  CONSTRAINT `Events_ibfk_1` FOREIGN KEY (`acc_uuid`) REFERENCES `Users` (`acc_uuid`)
) ENGINE=InnoDB AUTO_INCREMENT=13 DEFAULT CHARSET=utf8;
/*!40101 SET character_set_client = @saved_cs_client */;

--
-- Dumping data for table `Events`
--

LOCK TABLES `Events` WRITE;
/*!40000 ALTER TABLE `Events` DISABLE KEYS */;
INSERT INTO `Events` VALUES (1,'c206d92f-58d2-4ad8-b739-ab9ab424132a','2021-04-09 18:41:54','Deleted Listing: \'Apple 21.5\" iMac\''),(3,'c206d92f-58d2-4ad8-b739-ab9ab424132a','2021-04-11 15:56:59','Created FAQ: \'How do I contact Customer Service?\' with \'Navigate to the FAQ panel through the User Profile Page. Once there, you will see a text entry on the left-hand side of your screen. Fill out your question and press submit! A representative will answer your question within the next 24 hours.\''),(7,'c206d92f-58d2-4ad8-b739-ab9ab424132a','2021-04-11 19:23:49','Created account: \'quincy@gmail.com\''),(8,'c206d92f-58d2-4ad8-b739-ab9ab424132a','2021-04-11 19:26:53','Created account: \'asdasdas@gmail.com\''),(9,'c206d92f-58d2-4ad8-b739-ab9ab424132a','2021-04-11 19:27:30','Created account: \'normalsd@gmail.com\''),(10,'c206d92f-58d2-4ad8-b739-ab9ab424132a','2021-04-11 21:33:55','Created account: \'kasper@gmail.com\''),(11,'b942d6f4-25bf-4333-8f33-e1c142d63dfe','2021-04-11 21:36:56','Answered question: \'Hey there! I\'ve placed a bid on a product that I am no longer interested in. can you please remove it?\' with \'No worries! I\'ll get that taken care of.\''),(12,'b942d6f4-25bf-4333-8f33-e1c142d63dfe','2021-04-11 21:37:11','Created FAQ: \'Test Question\' with \'Test Answer\'');
/*!40000 ALTER TABLE `Events` ENABLE KEYS */;
UNLOCK TABLES;

--
-- Table structure for table `FAQ`
--

DROP TABLE IF EXISTS `FAQ`;
/*!40101 SET @saved_cs_client     = @@character_set_client */;
/*!50503 SET character_set_client = utf8mb4 */;
CREATE TABLE `FAQ` (
  `id` int(11) NOT NULL AUTO_INCREMENT,
  `question_uuid` varchar(36) NOT NULL,
  `admin_uuid` varchar(36) NOT NULL,
  `created` datetime NOT NULL DEFAULT CURRENT_TIMESTAMP,
  `updated` datetime NOT NULL DEFAULT CURRENT_TIMESTAMP ON UPDATE CURRENT_TIMESTAMP,
  `question` varchar(350) NOT NULL,
  `answer` varchar(350) NOT NULL,
  PRIMARY KEY (`id`),
  UNIQUE KEY `question_uuid` (`question_uuid`)
) ENGINE=InnoDB AUTO_INCREMENT=7 DEFAULT CHARSET=utf8;
/*!40101 SET character_set_client = @saved_cs_client */;

--
-- Dumping data for table `FAQ`
--

LOCK TABLES `FAQ` WRITE;
/*!40000 ALTER TABLE `FAQ` DISABLE KEYS */;
INSERT INTO `FAQ` VALUES (1,'10aea8a9-9e22-427e-a2e1-85ea58b24bf0','c206d92f-58d2-4ad8-b739-ab9ab424132a','2021-03-30 20:04:40','2021-03-30 20:04:40','How do I win an auction?','In order to win an auction, there are two possible ways. The first way is to be the highest bidder when the auction closes. However, if the seller decided to set up a reserve price, the item will be sold when a bidder bids at or higher than the hidden reserve price.\n'),(2,'767dbd61-3703-4af5-a6b1-1eaff2daeadf','c206d92f-58d2-4ad8-b739-ab9ab424132a','2021-03-30 20:05:17','2021-03-30 20:05:17','How do I setup automatic bidding?','To set up automatic bidding on an auction listing, enter the maximum amount you would like to pay for the item and select Place bid. We will bid in increments on your behalf to keep you in the lead but only up to your limit. We will let you know if someone outbids you and you can decide if you want to increase your maximum limit.\n'),(3,'abe06fcf-f21e-4fcc-9376-ef2aa9f9a583','c206d92f-58d2-4ad8-b739-ab9ab424132a','2021-04-11 15:55:25','2021-04-11 15:55:25','How do I contact Customer Service?','Navigate to the FAQ panel through the User Profile Page. Once there, you will see a text entry on the left-hand side of your screen. Fill out your question and press submit! A representative will answer your question within the next 24 hours.'),(6,'f329fe37-63d5-415e-a0e9-322fdcb5d6fa','b942d6f4-25bf-4333-8f33-e1c142d63dfe','2021-04-11 21:37:11','2021-04-11 21:37:11','Test Question','Test Answer');
/*!40000 ALTER TABLE `FAQ` ENABLE KEYS */;
UNLOCK TABLES;

--
-- Table structure for table `Listing`
--

DROP TABLE IF EXISTS `Listing`;
/*!40101 SET @saved_cs_client     = @@character_set_client */;
/*!50503 SET character_set_client = utf8mb4 */;
CREATE TABLE `Listing` (
  `id` int(11) NOT NULL AUTO_INCREMENT,
  `listing_uuid` varchar(36) NOT NULL,
  `seller_uuid` varchar(36) NOT NULL,
  `cat_id` int(11) NOT NULL,
  `sub_id` int(11) NOT NULL,
  `item_name` varchar(250) NOT NULL,
  `description` varchar(1000) CHARACTER SET utf8 COLLATE utf8_general_ci NOT NULL,
  `image` varchar(250) NOT NULL,
  `created` datetime NOT NULL DEFAULT CURRENT_TIMESTAMP,
  `updated` datetime NOT NULL DEFAULT CURRENT_TIMESTAMP ON UPDATE CURRENT_TIMESTAMP,
  `listing_days` int(11) NOT NULL,
  `item_condition` varchar(50) CHARACTER SET utf8 COLLATE utf8_general_ci NOT NULL,
  `currency` varchar(10) NOT NULL DEFAULT 'USD',
  `start_price` decimal(10,2) NOT NULL,
  `reserve_price` decimal(10,2) NOT NULL,
  `end_time` datetime NOT NULL,
  `bid_increment` decimal(10,2) NOT NULL,
  `is_active` int(11) NOT NULL DEFAULT '1',
  PRIMARY KEY (`id`),
  UNIQUE KEY `listing_uuid` (`listing_uuid`),
  KEY `seller_uuid` (`seller_uuid`),
  KEY `cat_id` (`cat_id`),
  KEY `sub_id` (`sub_id`),
  CONSTRAINT `Listing_ibfk_1` FOREIGN KEY (`seller_uuid`) REFERENCES `Users` (`acc_uuid`),
  CONSTRAINT `Listing_ibfk_2` FOREIGN KEY (`cat_id`) REFERENCES `Category` (`id`),
  CONSTRAINT `Listing_ibfk_3` FOREIGN KEY (`sub_id`) REFERENCES `SubCategory` (`id`)
) ENGINE=InnoDB AUTO_INCREMENT=105 DEFAULT CHARSET=utf8;
/*!40101 SET character_set_client = @saved_cs_client */;

--
-- Dumping data for table `Listing`
--

LOCK TABLES `Listing` WRITE;
/*!40000 ALTER TABLE `Listing` DISABLE KEYS */;
INSERT INTO `Listing` VALUES (1,'271b17c6-ca3b-4eeb-9586-b349a25ae869','c206d92f-58d2-4ad8-b739-ab9ab424132a',3,8,'2021 Tesla Model Y','Model Y is a fully electric, mid-size SUV, with seating for up to seven, dual motor AWD and unparalleled protection.\r\n','https://storage.googleapis.com/buy_me_images/271b17c6-ca3b-4eeb-9586-b349a25ae869.jpeg','2021-03-22 04:23:45','2021-04-11 14:25:24',15,'Pre-Owned','USD',38000.00,45000.00,'2021-04-19 00:10:00',250.00,0),(2,'018aa87b-f3e4-4cef-a1f9-33193d7b69da','f6f015d4-26a0-496d-994c-9c09e7418109',2,4,'Cartier Love Ring','A love child of \'70s New York, the LOVE collection is a symbol of free-spirited love. Its binding closure and screw motif give it true permanence, while diverse interpretations allow for a unique expression of feelings. Lock in your love, forever.\r\n\r\n','https://storage.googleapis.com/buy_me_images/018aa87b-f3e4-4cef-a1f9-33193d7b69da.webp','2021-03-22 21:30:23','2021-04-11 14:21:02',15,'New','USD',1600.00,3000.00,'2021-04-19 17:30:24',50.00,1),(10,'f1c0c329-4f69-4d70-944e-353d9014fc82','d0530ead-6116-4628-bd63-bd356e4b54aa',5,14,'Adidas Football Cleats','Adidas AdiZero Men\'s Football Cleats Shoes - White Green.\r\nEH1309\r\nSize9','https://storage.googleapis.com/buy_me_images/f1c0c329-4f69-4d70-944e-353d9014fc82.jpeg','2021-03-25 03:41:10','2021-04-11 14:25:24',15,'New','USD',30.00,50.00,'2021-04-16 16:34:51',2.00,1),(11,'ede146df-9500-4417-8ffa-1c5b089b4fa1','c206d92f-58d2-4ad8-b739-ab9ab424132a',1,1,'Apple iPhone X 64GB - Space Gray','The iPhone is a smartphone made by Apple that combines a computer, iPod, digital camera and cellular phone into one device with a touchscreen interface. The iPhone runs the iOS operating system (OS), and as of 2017, there were 2.2 million apps available for it through the Apple App Store, according to Statista.','https://storage.googleapis.com/buy_me_images/ede146df-9500-4417-8ffa-1c5b089b4fa1.webp','2021-03-29 05:14:01','2021-04-11 14:21:02',15,'Pre-Owned','USD',250.00,450.00,'2021-04-18 01:14:01',20.00,1),(23,'56a7ae11-bc68-468e-b93a-91f52181bf4a','f6f015d4-26a0-496d-994c-9c09e7418109',1,3,'HP OfficeJet Pro 7740','Print, scan, and copy in standout color with the OfficeJet Pro 7740 printer on sizes of up to 11 x 17 inches (A3) for bold documents and presentations at up to 50% less cost per page than color laser.','https://storage.googleapis.com/buy_me_images/56a7ae11-bc68-468e-b93a-91f52181bf4a.jpeg','2021-04-02 01:30:12','2021-04-11 14:25:24',15,'Pre-Owned','USD',175.00,350.00,'2021-04-17 01:30:12',5.00,1),(24,'5e88f526-0e73-440d-bf43-dde11ff03bf1','d0530ead-6116-4628-bd63-bd356e4b54aa',1,1,'Samsung Galaxy S21 5G','A bold new Galaxy featuring a striking contour-cut body and our latest lenses that capture all of life\'s epic moments. The first Galaxy S smartphone compatible with S Pen adds a new level of precision to your creative pursuits.\r\n\r\n','https://storage.googleapis.com/buy_me_images/5e88f526-0e73-440d-bf43-dde11ff03bf1.webp','2021-04-02 01:30:14','2021-04-11 14:21:02',15,'New','USD',600.00,900.00,'2021-04-17 01:30:14',10.00,1),(25,'8e9320c7-7e32-47a3-9bdb-0e61ec82fcff','d0530ead-6116-4628-bd63-bd356e4b54aa',1,1,'Google PIxel 5','With 5G, you can download your favorite movies on the go, and start watching before you know it. From gaming with Stadia, to watching your go-to shows, enjoy the content you love in crystal-clear HD.','https://storage.googleapis.com/buy_me_images/8e9320c7-7e32-47a3-9bdb-0e61ec82fcff.jpeg','2021-04-02 01:33:37','2021-04-11 14:25:24',15,'Pre-Owned','USD',500.00,750.00,'2021-04-17 01:33:37',15.00,1),(26,'62c604ec-3a7d-4fea-b1e4-49c20864b7c8','f6f015d4-26a0-496d-994c-9c09e7418109',1,3,'Canon PIXMA TR4520 Wireless','Printing, scanning and faxing shouldnt require a huge printer to get the job done, and with the PIXMA TR4520, youll see how a compact office printer stands up to the bulkier printers. It is the right size which has the right features, like Wi-Fi, Auto 2-sided printing, and an ADF for scanning and faxing. The PIXMA TR4520 provides simple, productive office printing in a compact size.','https://storage.googleapis.com/buy_me_images/62c604ec-3a7d-4fea-b1e4-49c20864b7c8.jpg','2021-04-02 01:36:38','2021-04-11 14:22:15',15,'New','USD',60.00,140.00,'2021-04-17 01:36:39',5.00,1),(27,'fb8811ca-184a-4dfa-a22b-43204d8f15c8','d0530ead-6116-4628-bd63-bd356e4b54aa',1,2,'Apple MacBook Pro','Apple MacBook Pro is a macOS laptop with a 13.30-inch display that has a resolution of 2560x1600 pixels. It is powered by a Core i5 processor and it comes with 12GB of RAM. The Apple MacBook Pro packs 512GB of SSD storage.','https://storage.googleapis.com/buy_me_images/fb8811ca-184a-4dfa-a22b-43204d8f15c8.jpeg','2021-04-02 01:40:35','2021-04-11 14:25:24',15,'Pre-Owned','USD',1200.00,1700.00,'2021-04-17 01:40:36',20.00,1),(28,'1fde1e2b-fa2d-4c11-ace5-7fcb573a39f0','139e121a-de62-4e12-a7b4-58f9fcbac7e3',1,3,'Brother MFCL2750DW Printer ','\r\nWhen you buy your Brother MFCL2750DW Printer from Tonerworld, you can rest assured you are receiving genuine, quality product. Our customer service team is always available to help you should you have any questions regarding your Brother MFCL2750DW Printer. Tonerworld ships all orders the day they are placed so you can be sure you will receive your Brother MFCL2750DW Printer promptly. Our hassle free return policy insures that should you have any problems with your Brother MFCL2750DW Printer we will either replace it for you or issue a full refund.','https://storage.googleapis.com/buy_me_images/1fde1e2b-fa2d-4c11-ace5-7fcb573a39f0.png','2021-04-02 01:41:21','2021-04-11 14:28:42',15,'New','USD',150.00,300.00,'2021-04-17 01:41:21',10.00,1),(29,'0dc74d0a-778c-45af-b531-28cf8f5935f9','d0530ead-6116-4628-bd63-bd356e4b54aa',1,2,'Lenovo X1 Carbon Gen 9','Redesigned Intel Evo lightweight laptop AI & biometric security with one-touch login & bootup Enhanced remote collaboration features.','https://storage.googleapis.com/buy_me_images/0dc74d0a-778c-45af-b531-28cf8f5935f9.jpeg','2021-04-02 01:43:05','2021-04-11 14:25:24',15,'Pre-Owned','USD',1400.00,1800.00,'2021-04-17 01:43:05',20.00,1),(30,'6066c63e-c8f1-4c03-964a-01bc326e9f89','139e121a-de62-4e12-a7b4-58f9fcbac7e3',2,4,'Danseuse toile Ring','The Danseuse toile ring combines elegance with modernity. Crafted in gold-finish metal, it presents a chain link design enhanced by \'CD\' initials. The timeless ring may be paired with the choker from the same collection.','https://storage.googleapis.com/buy_me_images/6066c63e-c8f1-4c03-964a-01bc326e9f89.webp','2021-04-02 01:46:38','2021-04-11 17:13:36',15,'New','USD',230.00,450.00,'2021-04-17 01:46:38',25.00,1),(31,'217a0967-2e2e-4b13-99de-69d75e5ed2a1','d36a501d-450b-42f3-981b-f38bbc12191d',3,7,'2021 Tesla Model 3','Tesla All-Wheel Drive has two independent motors for improved redundancy, each with only one moving part for minimal maintenance and maximum durability. Unlike traditional all-wheel drive systems, they digitally control torque to the front and rear wheels for far better handling and traction control.\r\n\r\n','https://storage.googleapis.com/buy_me_images/217a0967-2e2e-4b13-99de-69d75e5ed2a1.png','2021-04-02 01:49:38','2021-04-11 15:38:34',15,'Pre-Owned','USD',36000.00,42000.00,'2021-04-26 15:38:35',150.00,1),(32,'e9f4f92e-4745-4cfa-8a98-411d8f50a694','139e121a-de62-4e12-a7b4-58f9fcbac7e3',2,4,'Empreinte Ring','Empreinte ring in 18-carat pink gold features the Louis Vuitton DNA: the iconic LV initials and the heritage trunk nail which leave their imprints. The distinctive, modern design makes this signature ring a must-have jewel for Louis Vuitton lovers -- both women and men.','https://storage.googleapis.com/buy_me_images/e9f4f92e-4745-4cfa-8a98-411d8f50a694.jpg','2021-04-02 01:51:58','2021-04-11 17:13:36',15,'New','USD',1700.00,3060.00,'2021-04-17 01:51:59',50.00,1),(33,'ce6bcddc-fac4-43f0-b724-0600ddce8ae5','d36a501d-450b-42f3-981b-f38bbc12191d',3,9,'2015 Audi S3','The Audi S3 blends high-performance and high-tech into a zesty compact sedan. Its 288-hp turbocharged four-cylinder delivers ripping acceleration, and its plentiful tech featuresboth standard and optionalkeep the S3 in the hunt alongside more modern rivals.','https://storage.googleapis.com/buy_me_images/ce6bcddc-fac4-43f0-b724-0600ddce8ae5.png','2021-04-02 01:52:49','2021-04-11 21:00:44',15,'Pre-Owned','USD',28000.00,35000.00,'2021-04-17 01:52:49',150.00,1),(34,'59dd82a0-0245-443b-bed5-9fc9c9d05878','c206d92f-58d2-4ad8-b739-ab9ab424132a',3,7,'2020 Honda Civic','onsistently one of the best-selling compact cars, the Honda Civic earns its accolades by featuring a fun and engaging driving experience, impressive fuel economy, and superb interior packaging with room for five passengers. Last redesigned in 2016, the Civic is still a standout in its class, with subtle feature and styling enhancements for 2020.','https://storage.googleapis.com/buy_me_images/59dd82a0-0245-443b-bed5-9fc9c9d05878.png','2021-04-02 01:55:31','2021-04-11 14:28:42',15,'New','USD',16000.00,22000.00,'2021-04-17 01:55:31',150.00,1),(35,'b8f900fc-f79b-49c1-b42f-3ac85ac44ac5','c206d92f-58d2-4ad8-b739-ab9ab424132a',3,7,'2019 MINI Cooper S','Base 2019 Mini Cooper models have a 134-hp turbocharged three-cylinder; the sportier S has a 189-hp turbo 2.0-liter four-cylinder. Both have front-wheel drive and a standard six-speed manual or optional six-speed automatic.','https://storage.googleapis.com/buy_me_images/b8f900fc-f79b-49c1-b42f-3ac85ac44ac5.png','2021-04-02 01:57:29','2021-04-11 14:28:42',15,'Pre-Owned','USD',22000.00,27000.00,'2021-04-17 01:57:30',150.00,1),(36,'fea83018-78e8-43a8-9f74-2299aa699c54','f6f015d4-26a0-496d-994c-9c09e7418109',2,5,'Clic H bracelet','Narrow bracelet in enamel with gold plated hardware.\r\n\r\nMade in France\r\n\r\nCircumference: 7.5\"','https://storage.googleapis.com/buy_me_images/fea83018-78e8-43a8-9f74-2299aa699c54.jpeg','2021-04-02 01:58:11','2021-04-11 14:25:24',15,'New','USD',500.00,900.00,'2021-04-17 01:58:12',20.00,1),(37,'4bae4149-8bf7-448e-82fd-547b3b5e5b73','d0530ead-6116-4628-bd63-bd356e4b54aa',3,8,'2021 BMW X5','The fourth generation of the BMW X5 was introduced in 2018 and, after 2.2 million units sold from its previous three generations, it reached a high level of maturity. The BMW X5 was one of the most popular premium SUVs on the market. Its high volume of sales convinced the German car-maker to improve the vehicle up to a level hard to reach by any of its competitors.','https://storage.googleapis.com/buy_me_images/4bae4149-8bf7-448e-82fd-547b3b5e5b73.png','2021-04-02 01:59:15','2021-04-11 21:25:12',15,'Pre-Owned','USD',55000.00,68000.00,'2021-04-07 01:59:15',150.00,0),(38,'0e3832b0-b8fb-464e-903b-573014b4535e','d0530ead-6116-4628-bd63-bd356e4b54aa',3,8,'2021 Mercedes-Benz G-Class','Within the timeless body is a state-of-the-art cockpit, with standard and available technologies from dual 12.3-inch displays, intuitive steering-wheel Touch Controls, and voice control for the navigation, audio and numerous comfort features.\r\n','https://storage.googleapis.com/buy_me_images/0e3832b0-b8fb-464e-903b-573014b4535e.png','2021-04-02 02:00:59','2021-04-11 19:42:47',15,'New','USD',128000.00,137000.00,'2021-04-17 02:00:59',250.00,1),(39,'1daa4f9e-09e0-4994-bb1f-d47c48233ecc','d36a501d-450b-42f3-981b-f38bbc12191d',3,9,'2021 Toyota Supra','The Supra 3.0 trim has an MSRP of $50,990. It features a 382-horsepower turbocharged six-cylinder engine, a limited-slip differential, an adaptive suspnesion, larger brakes, 19-inch alloy wheels, power-adjustable seats, and a 10-speaker stereo.','https://storage.googleapis.com/buy_me_images/1daa4f9e-09e0-4994-bb1f-d47c48233ecc.png','2021-04-02 02:03:18','2021-04-11 14:28:42',15,'Pre-Owned','USD',40000.00,45000.00,'2021-04-17 02:03:18',150.00,1),(40,'97be53be-5633-40a0-abce-8c2a9b97719a','f6f015d4-26a0-496d-994c-9c09e7418109',2,5,'Force 10 Bracelet','One of the Maisons signature pieces, the Force 10 bracelet was created in 1966 and reflects contemporary fashion as much as and the maritime and sporting influences behind its inception.\r\nThis surprise encounter of a woven steel sailing cable with a gold or steel buckle goes beyond jewelry, having come to symbolise a sense of freedom, achievement, courage and casual elegance.\r\n\r\n','https://storage.googleapis.com/buy_me_images/97be53be-5633-40a0-abce-8c2a9b97719a.png','2021-04-02 02:03:18','2021-04-11 17:13:52',15,'New','USD',2600.00,3200.00,'2021-04-17 02:03:19',35.00,1),(41,'6756bb71-74f8-4a1a-aabe-c6745af79b74','d36a501d-450b-42f3-981b-f38bbc12191d',3,9,'2021 Lamborghini Huracan EVO','The Huracn Coup has been created for unprecedented performance. All the power and acceleration of a naturally aspirated V-10 engine, without giving up control or fun of driving. This is all thanks to the  all-wheel drive system and the 7-speed Lamborghini Doppia Frizione (LDF) dual-clutch transmission, as well as the innovative Piattaforma Inerziale Lamborghini (LPI), created for accurate and real-time detection of all the chassis movements and for immediate adjustment of the car setup.\r\n','https://storage.googleapis.com/buy_me_images/6756bb71-74f8-4a1a-aabe-c6745af79b74.png','2021-04-02 02:06:01','2021-04-11 14:28:42',15,'Pre-Owned','USD',200000.00,215000.00,'2021-04-17 02:06:02',250.00,1),(42,'4b4614a4-b00e-45ab-88ba-7a204a23548c','139e121a-de62-4e12-a7b4-58f9fcbac7e3',2,5,'Juste Un Clou Bracelet','Juste un Clou bracelet, classic, 18K yellow gold, set with 32 brilliant-cut diamonds totaling 0.59 carat. Width: 3.5mm.','https://storage.googleapis.com/buy_me_images/4b4614a4-b00e-45ab-88ba-7a204a23548c.jpeg','2021-04-02 02:06:59','2021-04-11 17:13:52',15,'New','USD',10800.00,19440.00,'2021-04-17 02:07:00',70.00,1),(43,'1408e5ed-894b-4c40-ac30-ba4d6b1d6dbf','b3a2af50-072a-4d86-8405-154a751bd867',2,6,'Coco Crush Earrings','Quilted motif, 18K yellow gold earrings','https://storage.googleapis.com/buy_me_images/1408e5ed-894b-4c40-ac30-ba4d6b1d6dbf.jpeg','2021-04-02 13:37:14','2021-04-11 14:25:24',15,'Pre-Owned','USD',2000.00,4500.00,'2021-04-17 13:38:03',15.00,1),(45,'e8295ac6-1b11-4f62-a0e7-86b137918caf','b3a2af50-072a-4d86-8405-154a751bd867',2,6,'GG Tissue Stud Earrings','The Double G, inspired by an archival design from the \'70s-a hallmark era of the House-is elevated in 18k yellow gold with a scalloped outline','https://storage.googleapis.com/buy_me_images/e8295ac6-1b11-4f62-a0e7-86b137918caf.jpeg','2021-04-02 13:43:04','2021-04-11 14:25:24',15,'Pre-Owned','USD',400.00,720.00,'2021-04-17 13:43:05',10.00,1),(46,'4822b5b7-8364-452f-a596-547c11538b56','b3a2af50-072a-4d86-8405-154a751bd867',2,6,'Star Ear Studs','These Color Blossom BB Star ear studs celebrate the Monogram Flower, an enduring House emblem designed by Georges Vuitton in 1896. Fashioned from 18-kt pink gold and fiery diamond pav, the drops are suspended from diamond studs. Precious yet easy to wear, these signature jewels will add a flash of sparkle to any ensemble.\r\n','https://storage.googleapis.com/buy_me_images/4822b5b7-8364-452f-a596-547c11538b56.webp','2021-04-02 13:47:52','2021-04-11 17:11:59',15,'New','USD',6000.00,10800.00,'2021-04-17 17:27:36',30.00,1),(47,'fb948509-c608-44ba-a35d-a39a173e2bb1','6682f043-ecf5-475b-8d03-f6b083d3a2c3',4,10,'P-6 Logo: Classic Navy','A long-sleeved boys tee made with 100% organic cotton for everyday wear and screen-printed with PVC- and phthalate-free inks. Fair Trade Certified sewn.','https://storage.googleapis.com/buy_me_images/fb948509-c608-44ba-a35d-a39a173e2bb1.jpeg','2021-04-02 14:00:33','2021-04-11 14:25:24',15,'Pre-Owned','USD',12.00,40.00,'2021-04-17 14:00:34',3.00,1),(48,'bf89f53a-5754-4545-8f9a-4999707c3815','797a5932-6840-4af2-b819-62d21cbe626b',4,10,'Vintage Wash Pocket T-Shirt','Great for going out or staying in--the choice is yours when you\'re wearing the new Vintage Wash Pocket T-Shirt. This PacSun favorite has a soft fabric and a patch pocket at the left chest.\r\n\r\n','https://storage.googleapis.com/buy_me_images/bf89f53a-5754-4545-8f9a-4999707c3815.webp','2021-04-02 16:24:01','2021-04-11 14:21:02',15,'New','USD',13.00,23.40,'2021-04-17 17:29:19',3.00,1),(49,'c4fe964a-2ce9-47c2-b34f-ca599e74ca8d','797a5932-6840-4af2-b819-62d21cbe626b',4,10,'Graphic Jersey Tee, Script Logo','It\'s the first tee you\'ll grab anytime you need that classic cotton tee look. We started with the basics and ended with a better built tee that you can\'t beat for the price. We use ringspun cotton for a softer feel and a higher stitch count for durability. Comes standard with our classic screenprint logo, a full athletic fit and soft back neck tape.\r\n\r\n','https://storage.googleapis.com/buy_me_images/c4fe964a-2ce9-47c2-b34f-ca599e74ca8d.jpg','2021-04-02 16:28:38','2021-04-11 14:22:15',15,'Pre-Owned','USD',10.00,18.00,'2021-04-17 16:28:38',3.00,1),(50,'4cd73c35-9519-4a12-9515-ead6eece2004','797a5932-6840-4af2-b819-62d21cbe626b',4,11,'Medium Wash Jeans','highest level of stretch for maximum comfort - all day long. This skinny leg jean is a sleek, stylish and slimming choice for everyday wear.','https://storage.googleapis.com/buy_me_images/4cd73c35-9519-4a12-9515-ead6eece2004.jpg','2021-04-02 16:35:33','2021-04-11 14:22:15',15,'New','USD',40.00,90.00,'2021-04-17 17:28:40',8.00,1),(51,'e8285337-d097-42f0-8bbf-aa18611a625f','b3a2af50-072a-4d86-8405-154a751bd867',4,11,'Basic Jogging Pants','PANTS WITH ADJUSTABLE ELASTIC DRAWSTRING WAIST. SIDE WELT POCKETS AND BACK PATCH POCKET.','https://storage.googleapis.com/buy_me_images/e8285337-d097-42f0-8bbf-aa18611a625f.webp','2021-04-02 16:38:36','2021-04-11 17:12:00',15,'Pre-Owned','USD',25.00,45.00,'2021-04-17 16:38:37',5.00,1),(52,'fbdd5f0d-aefd-4c01-9450-cdee21698574','b3a2af50-072a-4d86-8405-154a751bd867',4,11,'Paid Pants','Lightweight woven fabric\r\nTextured and stretchy','https://storage.googleapis.com/buy_me_images/fbdd5f0d-aefd-4c01-9450-cdee21698574.jpeg','2021-04-02 16:44:25','2021-04-11 14:25:24',15,'New','USD',35.00,63.00,'2021-04-17 17:31:39',7.00,1),(53,'f084e517-d3ef-4a64-bd83-965e06d47c81','8058b92a-465c-4dc4-b77b-e400d2d135b2',4,12,'Penney Mini Dress Purple','Mini dress\r\nMesh overlay\r\nThin elasticated straps\r\nGathered material at bust\r\nPinched detailing at sides\r\nInvisible zip fastening at side\r\nSlim fitting\r\nFully lined','https://storage.googleapis.com/buy_me_images/f084e517-d3ef-4a64-bd83-965e06d47c81.jpeg','2021-04-02 16:50:42','2021-04-11 14:25:24',15,'Pre-Owned','USD',25.00,60.00,'2021-04-17 16:50:42',10.00,1),(54,'9b001433-aee7-473e-a258-e0e48e181d2d','8058b92a-465c-4dc4-b77b-e400d2d135b2',4,12,'Open Back Ruffle Dress','Style:	Boho\r\nColor:	Pastel, Dusty Pink\r\nPattern Type:	Plain\r\nNeckline:	Spaghetti Strap\r\nLength:	Short\r\nType:	Cami\r\nDetails:	Ruffle, Wrap, Backless, Ruffle Hem, Tie Back, Zipper, Tie Front','https://storage.googleapis.com/buy_me_images/9b001433-aee7-473e-a258-e0e48e181d2d.webp','2021-04-02 16:54:40','2021-04-11 17:12:00',15,'New','USD',35.00,63.00,'2021-04-17 17:03:54',4.00,1),(55,'a44c4517-08f1-4584-bafe-56136710e90e','8058b92a-465c-4dc4-b77b-e400d2d135b2',4,12,'Fancy Embroidery Dress','Look like a stunner in the Fancy A Spritz Dress! Featuring embroidered details, a slight sweetheart neckline, and short flare sleeves, this is the perfect mini party dress for all day events! Pair it with some strappy heels and clutch and you\'re good to go','https://storage.googleapis.com/buy_me_images/a44c4517-08f1-4584-bafe-56136710e90e.jpeg','2021-04-02 16:57:33','2021-04-11 17:12:00',15,'Pre-Owned','USD',50.00,90.00,'2021-04-17 17:05:04',8.00,1),(56,'9d46a0ed-aa1e-4ea1-9387-efe9d0f9e013','8058b92a-465c-4dc4-b77b-e400d2d135b2',5,14,'SpeedFlex Diamond','Digitally designed, 3D printed, high performance, impact absorbent and tunable lattice components  cutting-edge innovation that underscores a commitment to player protection.','https://storage.googleapis.com/buy_me_images/9d46a0ed-aa1e-4ea1-9387-efe9d0f9e013.png','2021-04-02 17:02:35','2021-04-11 17:12:00',15,'New','USD',350.00,630.00,'2021-04-17 17:02:35',15.00,1),(59,'d7b5cf5b-2749-4a16-b550-ece600418097','6682f043-ecf5-475b-8d03-f6b083d3a2c3',5,14,'Power SPK+ OL/DK','Recommended Positions: Lineman Integrated RipKord Technology Stac-Shoulder System Swivel Fronts Biothane STAC Straps & Belts Flat Pad Design Air Management Liner System Removable/Adjustable Channels','https://storage.googleapis.com/buy_me_images/d7b5cf5b-2749-4a16-b550-ece600418097.png','2021-04-02 17:08:39','2021-04-11 17:12:00',15,'Pre-Owned','USD',200.00,360.00,'2021-04-17 17:08:39',10.00,1),(60,'b3448858-ca4d-4e66-8bad-f6d9c3d01c93','6682f043-ecf5-475b-8d03-f6b083d3a2c3',5,15,'Adidas Starlancer Soccer Ball','A solid go-to for introductory players that helps them build solid fundamentals, the adidas Starlancer Soccer Ball is designed with a durable nylon-wound carcass and TPU casing to withstand countless shooting and footwork drills to keep you prepared for match day.','https://storage.googleapis.com/buy_me_images/b3448858-ca4d-4e66-8bad-f6d9c3d01c93.webp','2021-04-02 17:10:33','2021-04-11 14:21:02',15,'New','USD',8.00,30.00,'2021-04-17 17:10:33',2.00,1),(61,'e850fe2a-eeb3-4295-9ed5-4532b291b0e1','f6f015d4-26a0-496d-994c-9c09e7418109',5,15,'Nike Soccer Shin Guards','Designed for the modern player, the Nike Adult Mercurial Lite Soccer Shin Guards are a solid option for anyone looking to maintain speed without sacrificing quality protection. Equipped with a contoured shell that\'s supported by Dri-Fit sleeves, the Mercurial Lites deliver a secure, anatomical fit to reduce mid-match distractions, while its K-resin shell is backed with dense foam to absorb and dissipate impact when fighting for possession.','https://storage.googleapis.com/buy_me_images/e850fe2a-eeb3-4295-9ed5-4532b291b0e1.webp','2021-04-02 17:13:20','2021-04-11 14:21:02',15,'Pre-Owned','USD',15.00,27.00,'2021-04-17 17:13:21',4.00,1),(62,'e873290e-cabc-4a95-bdbf-fda811c76f12','f6f015d4-26a0-496d-994c-9c09e7418109',5,15,'Soccer Jersey ','Rep your team in the FC Barcelona Stadium Home Jersey. Highly breathable fabric helps keep sweat off your skin, so you stay cool and comfortable on the field or in the stands. This product is made with 100% recycled polyester fabric.','https://storage.googleapis.com/buy_me_images/e873290e-cabc-4a95-bdbf-fda811c76f12.jpeg','2021-04-02 17:15:53','2021-04-11 14:25:24',15,'New','USD',75.00,100.00,'2021-04-17 17:15:54',10.00,1),(63,'84d6dabb-353b-40ae-bd94-9958d5466200','139e121a-de62-4e12-a7b4-58f9fcbac7e3',5,13,'Equipment Bag','This Gold Glove Series Backpack is the perfect bag to carry your equipment to the big game. The backpack features 2 fleece lined pockets in a valet tray for phone, accessories, etc and the main compartment converts to a game time shelf for easy access to your gear. The bag will hold 2 bats, has a customizable top valet tray, side pockets for external shoe storage, a fence carabiner, a daisy chain for external batting glove storage, customizable protective glove shell crib, a hidden magnet for easy headphone storage and an easy to clean tarpaulin bottom material.','https://storage.googleapis.com/buy_me_images/84d6dabb-353b-40ae-bd94-9958d5466200.jpeg','2021-04-02 17:18:21','2021-04-11 17:12:00',15,'Pre-Owned','USD',80.00,144.00,'2021-04-17 17:22:46',5.00,1),(64,'78ffefb3-04bf-4f1d-9b84-ffb72da0d24d','139e121a-de62-4e12-a7b4-58f9fcbac7e3',5,13,'Gleyber Torres Glove','Take your game to a new level with the 2021 Gleyber Torres Pro Preferred infield glove. It was masterfully crafted from premium, luxurious, full-grain kip leather to offer the same superior leather preferred by Yankees star Gleyber Torres. If you\'re looking for a stylish, pro quality glove to improve your defense, look no further. Torres\' gamer also features a classic, black & white design too.\r\n\r\nIn addition, it was constructed in an 11.75-inch, 217-pattern, used by Gleyber and many other pros because of it\'s flatter, narrow pocket. This gives you greater feel and helps promote lightning-quick transfers too. Pro Preferred gloves also offer unmatched comfort and feel, thanks to their Pittards sheepskin and wool wrist lining, and the padded thumb sleeve too. The 100% wool padding allows you to form the perfect pocket as you break it in as well.\r\n\r\nThis 2021 Gleyber Torres Pro Preferred infield glove is perfect for any elite player looking to play at a higher level. Order yours now!','https://storage.googleapis.com/buy_me_images/78ffefb3-04bf-4f1d-9b84-ffb72da0d24d.jpeg','2021-04-02 17:20:28','2021-04-11 17:12:00',15,'New','USD',240.00,500.00,'2021-04-17 17:24:20',10.00,1),(65,'4dbec51c-34fc-4912-8ea0-f3ab64cfcbb0','139e121a-de62-4e12-a7b4-58f9fcbac7e3',5,13,'2021 Quatro Pro Bat','when you step up to the plate you want the pitcher to tremble. There\'s no better way to instill that fear into your opposition than to swing the 2021 Quatro Pro BBCOR -3 bat. This masterpiece was meticulously engineered to give you a weapon that unleashes ultimate power to your swing.\r\n\r\nIt\'s 2-piece composite design is made complete by the newly re-imagined F2, focused-flex, collar that eliminates barrel drag through the zone. In addition, its suspended inner-barrel and massive sweet spot give you a better chance at hitting a bomb (or frozen rope) every time up.\r\n\r\nAs a result, you\'ll get more pop and power from your swing ,and should move up the lineup as the season progresses. If you want a bat that can truly do it all for your game, you need this new Quatro Pro BBCOR beauty.\r\n\r\n','https://storage.googleapis.com/buy_me_images/4dbec51c-34fc-4912-8ea0-f3ab64cfcbb0.jpeg','2021-04-02 17:22:04','2021-04-11 17:12:00',15,'Pre-Owned','USD',300.00,540.00,'2021-04-17 17:26:42',15.00,1),(66,'3b502a11-69bf-4e20-869a-2f662662df66','139e121a-de62-4e12-a7b4-58f9fcbac7e3',5,13,'2021 Quatro Pro Bat','when you step up to the plate you want the pitcher to tremble. There\'s no better way to instill that fear into your opposition than to swing the 2021 Quatro Pro BBCOR -3 bat. This masterpiece was meticulously engineered to give you a weapon that unleashes ultimate power to your swing.\r\n\r\nIt\'s 2-piece composite design is made complete by the newly re-imagined F2, focused-flex, collar that eliminates barrel drag through the zone. In addition, its suspended inner-barrel and massive sweet spot give you a better chance at hitting a bomb (or frozen rope) every time up.\r\n\r\nAs a result, you\'ll get more pop and power from your swing ,and should move up the lineup as the season progresses. If you want a bat that can truly do it all for your game, you need this new Quatro Pro BBCOR beauty.\r\n\r\n','https://storage.googleapis.com/buy_me_images/3b502a11-69bf-4e20-869a-2f662662df66.jpeg','2021-04-03 02:22:30','2021-04-11 17:12:00',15,'New','USD',300.00,350.00,'2021-04-17 17:26:42',5.00,0),(67,'6a19485e-1dc9-4f00-8a6a-0c407457a5aa','139e121a-de62-4e12-a7b4-58f9fcbac7e3',5,13,'Gleyber Torres Glove','Take your game to a new level with the 2021 Gleyber Torres Pro Preferred infield glove. It was masterfully crafted from premium, luxurious, full-grain kip leather to offer the same superior leather preferred by Yankees star Gleyber Torres. If you\'re looking for a stylish, pro quality glove to improve your defense, look no further. Torres\' gamer also features a classic, black & white design too.\r\n\r\nIn addition, it was constructed in an 11.75-inch, 217-pattern, used by Gleyber and many other pros because of it\'s flatter, narrow pocket. This gives you greater feel and helps promote lightning-quick transfers too. Pro Preferred gloves also offer unmatched comfort and feel, thanks to their Pittards sheepskin and wool wrist lining, and the padded thumb sleeve too. The 100% wool padding allows you to form the perfect pocket as you break it in as well.\r\n\r\nThis 2021 Gleyber Torres Pro Preferred infield glove is perfect for any elite player looking to play at a higher level. Order yours now!','https://storage.googleapis.com/buy_me_images/6a19485e-1dc9-4f00-8a6a-0c407457a5aa.jpeg','2021-04-02 17:20:28','2021-04-11 17:12:00',15,'Pre-Owned','USD',240.00,500.00,'2021-04-17 17:24:20',10.00,1),(68,'75ad14d5-9c34-478d-a3c2-c6c7262d4db1','797a5932-6840-4af2-b819-62d21cbe626b',4,11,'Medium Wash Jeans','highest level of stretch for maximum comfort - all day long. This skinny leg jean is a sleek, stylish and slimming choice for everyday wear.','https://storage.googleapis.com/buy_me_images/75ad14d5-9c34-478d-a3c2-c6c7262d4db1.jpg','2021-04-02 16:35:33','2021-04-11 14:22:15',15,'New','USD',40.00,90.00,'2021-04-17 17:28:40',8.00,0),(73,'68e8431f-7c28-4be0-b00d-0270626b229f','c206d92f-58d2-4ad8-b739-ab9ab424132a',1,2,'Apple 21.5\" iMac','2.3GHz dual-core 7th-generation Intel Core i5 processor\r\nTurbo Boost up to 3.6GHz\r\n8GB 2133MHz memory, configurable to 16GB\r\n256GB SSD storage\r\nIntel Iris Plus Graphics 640\r\nTwo Thunderbolt 3 ports\r\n1920-by-1080 sRGB display','https://storage.googleapis.com/buy_me_images/68e8431f-7c28-4be0-b00d-0270626b229f.png','2021-04-09 15:52:22','2021-04-11 16:15:28',15,'Pre-Owned','USD',750.00,2500.00,'2021-04-24 15:52:23',25.00,0),(102,'900dd9bd-b40d-457c-93d8-18d8f2595b8f','9c40b123-2518-4d5c-83d1-288f5d0e79b4',5,14,'Wilson NFL Leather Football','The Wilson NFL Duke Leather Football is the official football utilized in all National Football League Games.\r\nSize: Kids 5+','https://storage.googleapis.com/buy_me_images/900dd9bd-b40d-457c-93d8-18d8f2595b8f.png','2021-04-11 21:11:54','2021-04-11 21:23:08',1,'Pre-Owned','USD',75.00,125.00,'2021-04-09 21:11:54',5.00,0),(104,'4944dd00-81bd-4422-87a1-1339af77f0ec','9c40b123-2518-4d5c-83d1-288f5d0e79b4',15,23,'Ray-Ban Clubmaster Classic','Ray-Ban Clubmaster Classic sunglasses are retro and timeless. Inspired by the 50s, the unmistakable design of the Clubmaster Classic is worn by cultural intellectuals, those who lead the changed tomorrow.\r\n','https://storage.googleapis.com/buy_me_images/4944dd00-81bd-4422-87a1-1339af77f0ec.png','2021-04-11 21:26:57','2021-04-11 21:26:57',1,'New','USD',125.00,195.00,'2021-04-12 21:26:57',5.00,1);
/*!40000 ALTER TABLE `Listing` ENABLE KEYS */;
UNLOCK TABLES;

--
-- Table structure for table `Questions`
--

DROP TABLE IF EXISTS `Questions`;
/*!40101 SET @saved_cs_client     = @@character_set_client */;
/*!50503 SET character_set_client = utf8mb4 */;
CREATE TABLE `Questions` (
  `id` int(11) NOT NULL AUTO_INCREMENT,
  `question_uuid` varchar(36) NOT NULL,
  `client_uuid` varchar(36) NOT NULL,
  `admin_uuid` varchar(36) DEFAULT NULL,
  `created` datetime NOT NULL DEFAULT CURRENT_TIMESTAMP,
  `updated` datetime NOT NULL DEFAULT CURRENT_TIMESTAMP ON UPDATE CURRENT_TIMESTAMP,
  `question` varchar(350) NOT NULL,
  `answer` varchar(350) DEFAULT NULL,
  `deleted` varchar(100) DEFAULT NULL,
  PRIMARY KEY (`id`),
  UNIQUE KEY `question_uuid` (`question_uuid`)
) ENGINE=InnoDB AUTO_INCREMENT=6 DEFAULT CHARSET=utf8;
/*!40101 SET character_set_client = @saved_cs_client */;

--
-- Dumping data for table `Questions`
--

LOCK TABLES `Questions` WRITE;
/*!40000 ALTER TABLE `Questions` DISABLE KEYS */;
INSERT INTO `Questions` VALUES (1,'f669a238-eb1a-4a81-ba59-a9c1d233fc08','c206d92f-58d2-4ad8-b739-ab9ab424132a','c206d92f-58d2-4ad8-b739-ab9ab424132a','2021-03-30 20:28:00','2021-04-08 22:11:12','how do I do this thing?','You do it this way.',NULL),(2,'6de543b8-2295-4471-ae59-59e081e18cfb','c206d92f-58d2-4ad8-b739-ab9ab424132a','c206d92f-58d2-4ad8-b739-ab9ab424132a','2021-03-31 23:47:20','2021-04-01 15:07:19','How to bid?','This is how you bid!',NULL),(3,'66d3d377-99e2-41df-98d8-1c979773488e','b382d151-d7ff-4334-b0b1-f22f15b89a17','c206d92f-58d2-4ad8-b739-ab9ab424132a','2021-04-04 02:45:38','2021-04-04 02:45:59','Who developed this site?','Aj DiLeo :)',NULL),(5,'9b6596e4-fc31-4d44-9ba3-5e0a2e2c1d30','9c40b123-2518-4d5c-83d1-288f5d0e79b4','b942d6f4-25bf-4333-8f33-e1c142d63dfe','2021-04-11 21:32:24','2021-04-11 21:36:56','Hey there! I\'ve placed a bid on a product that I am no longer interested in. can you please remove it?','No worries! I\'ll get that taken care of.',NULL);
/*!40000 ALTER TABLE `Questions` ENABLE KEYS */;
UNLOCK TABLES;

--
-- Table structure for table `Roles`
--

DROP TABLE IF EXISTS `Roles`;
/*!40101 SET @saved_cs_client     = @@character_set_client */;
/*!50503 SET character_set_client = utf8mb4 */;
CREATE TABLE `Roles` (
  `id` int(11) NOT NULL AUTO_INCREMENT,
  `created` datetime DEFAULT CURRENT_TIMESTAMP,
  `role` varchar(30) NOT NULL,
  PRIMARY KEY (`id`),
  UNIQUE KEY `role` (`role`)
) ENGINE=InnoDB AUTO_INCREMENT=3 DEFAULT CHARSET=utf8;
/*!40101 SET character_set_client = @saved_cs_client */;

--
-- Dumping data for table `Roles`
--

LOCK TABLES `Roles` WRITE;
/*!40000 ALTER TABLE `Roles` DISABLE KEYS */;
INSERT INTO `Roles` VALUES (1,'2021-03-21 20:26:36','Admin'),(2,'2021-03-21 20:43:28','Moderator');
/*!40000 ALTER TABLE `Roles` ENABLE KEYS */;
UNLOCK TABLES;

--
-- Table structure for table `Sessions`
--

DROP TABLE IF EXISTS `Sessions`;
/*!40101 SET @saved_cs_client     = @@character_set_client */;
/*!50503 SET character_set_client = utf8mb4 */;
CREATE TABLE `Sessions` (
  `id` int(11) NOT NULL AUTO_INCREMENT,
  `session_uuid` varchar(36) NOT NULL,
  `acc_uuid` varchar(36) NOT NULL,
  `created` datetime NOT NULL DEFAULT CURRENT_TIMESTAMP,
  PRIMARY KEY (`id`),
  UNIQUE KEY `session_uuid` (`session_uuid`),
  UNIQUE KEY `acc_uuid` (`acc_uuid`),
  CONSTRAINT `Sessions_ibfk_1` FOREIGN KEY (`acc_uuid`) REFERENCES `Users` (`acc_uuid`)
) ENGINE=InnoDB AUTO_INCREMENT=342 DEFAULT CHARSET=utf8;
/*!40101 SET character_set_client = @saved_cs_client */;

--
-- Dumping data for table `Sessions`
--

LOCK TABLES `Sessions` WRITE;
/*!40000 ALTER TABLE `Sessions` DISABLE KEYS */;
INSERT INTO `Sessions` VALUES (12,'335951d9-b33d-4cf8-af5e-5ae773b76dab','82d77699-6b1e-4000-8b0d-2e5e034e7625','2021-03-19 16:11:11'),(198,'c7242bb2-4537-4c96-a46f-9056973edc6d','b3a2af50-072a-4d86-8405-154a751bd867','2021-04-02 17:31:02'),(335,'7470a2c2-e978-4fe1-960c-ed8ba24ed423','f6f015d4-26a0-496d-994c-9c09e7418109','2021-04-11 21:23:33'),(341,'aa2e5b74-2f92-447e-b3f2-6761a48df6c4','9c40b123-2518-4d5c-83d1-288f5d0e79b4','2021-04-11 21:40:10');
/*!40000 ALTER TABLE `Sessions` ENABLE KEYS */;
UNLOCK TABLES;

--
-- Table structure for table `SetAlerts`
--

DROP TABLE IF EXISTS `SetAlerts`;
/*!40101 SET @saved_cs_client     = @@character_set_client */;
/*!50503 SET character_set_client = utf8mb4 */;
CREATE TABLE `SetAlerts` (
  `id` int(11) NOT NULL AUTO_INCREMENT,
  `alert_uuid` varchar(36) NOT NULL,
  `acc_uuid` varchar(36) NOT NULL,
  `created` datetime NOT NULL DEFAULT CURRENT_TIMESTAMP,
  `alert_type` varchar(15) NOT NULL,
  `alert` varchar(350) NOT NULL,
  `is_active` int(11) NOT NULL DEFAULT '1',
  PRIMARY KEY (`id`),
  UNIQUE KEY `alert_uuid` (`alert_uuid`),
  KEY `acc_uuid` (`acc_uuid`),
  CONSTRAINT `SetAlerts_ibfk_1` FOREIGN KEY (`acc_uuid`) REFERENCES `Users` (`acc_uuid`)
) ENGINE=InnoDB AUTO_INCREMENT=33 DEFAULT CHARSET=utf8;
/*!40101 SET character_set_client = @saved_cs_client */;

--
-- Dumping data for table `SetAlerts`
--

LOCK TABLES `SetAlerts` WRITE;
/*!40000 ALTER TABLE `SetAlerts` DISABLE KEYS */;
INSERT INTO `SetAlerts` VALUES (3,'3076f6a3-e853-481a-9c43-b710367b7e68','c206d92f-58d2-4ad8-b739-ab9ab424132a','2021-03-25 03:29:00','category','Sports',0),(4,'7526e43f-180d-4d02-b88a-3e65bc271d91','c206d92f-58d2-4ad8-b739-ab9ab424132a','2021-03-28 19:39:11','bid','018aa87b-f3e4-4cef-a1f9-33193d7b69da',1),(5,'d5ea2fc3-a1fe-4e03-a4ab-95492dd2faa3','f6f015d4-26a0-496d-994c-9c09e7418109','2021-04-02 00:04:52','bid','271b17c6-ca3b-4eeb-9586-b349a25ae869',0),(6,'3ed92c81-c805-4783-82a5-766e905295ac','f6f015d4-26a0-496d-994c-9c09e7418109','2021-04-02 01:25:03','bid','ede146df-9500-4417-8ffa-1c5b089b4fa1',1),(7,'ff39298c-e293-4a99-8707-1b893715d77a','d0530ead-6116-4628-bd63-bd356e4b54aa','2021-04-02 01:25:25','bid','ede146df-9500-4417-8ffa-1c5b089b4fa1',1),(8,'71e91e62-7b6e-40ce-a73e-749daad4e100','c206d92f-58d2-4ad8-b739-ab9ab424132a','2021-04-03 02:27:37','bid','3b502a11-69bf-4e20-869a-2f662662df66',0),(9,'c5e4a0e8-7a1c-4c71-8291-aa618156e4f2','d36a501d-450b-42f3-981b-f38bbc12191d','2021-04-03 02:27:58','bid','3b502a11-69bf-4e20-869a-2f662662df66',0),(10,'c51668e2-644c-47ee-be5a-0300c4cec6c4','d36a501d-450b-42f3-981b-f38bbc12191d','2021-04-03 02:56:33','bid','75ad14d5-9c34-478d-a3c2-c6c7262d4db1',0),(11,'24670f64-5d15-42d3-bf6a-eb67be082f43','d0530ead-6116-4628-bd63-bd356e4b54aa','2021-04-03 02:56:50','bid','75ad14d5-9c34-478d-a3c2-c6c7262d4db1',0),(14,'cebc228c-2537-4697-b47c-7864f5f02da9','d36a501d-450b-42f3-981b-f38bbc12191d','2021-04-03 03:18:34','bid','6a19485e-1dc9-4f00-8a6a-0c407457a5aa',1),(15,'cc8cffa9-06d4-4d6d-a0bf-ba4a2f7c4328','f6f015d4-26a0-496d-994c-9c09e7418109','2021-04-03 03:19:49','bid','6a19485e-1dc9-4f00-8a6a-0c407457a5aa',1),(16,'518ecf8b-09d6-4c58-99eb-61000907968c','c206d92f-58d2-4ad8-b739-ab9ab424132a','2021-04-08 22:08:12','bid','56a7ae11-bc68-468e-b93a-91f52181bf4a',1),(17,'6f8eb2ea-b2d1-4232-895a-482e4d5d0429','b382d151-d7ff-4334-b0b1-f22f15b89a17','2021-04-09 15:52:55','bid','68e8431f-7c28-4be0-b00d-0270626b229f',1),(18,'550fcf13-82d8-40cf-bfd9-bf60e9891ccf','d36a501d-450b-42f3-981b-f38bbc12191d','2021-04-09 15:53:26','bid','68e8431f-7c28-4be0-b00d-0270626b229f',0),(19,'c4f87099-7bea-43de-8a9f-693013f94045','d0530ead-6116-4628-bd63-bd356e4b54aa','2021-04-09 16:00:38','bid','68e8431f-7c28-4be0-b00d-0270626b229f',0),(30,'694c400d-ca1d-45ab-b980-0ad9cfaa7b69','d36a501d-450b-42f3-981b-f38bbc12191d','2021-04-11 21:10:07','category','Sports',1),(31,'e5dfe15a-07c6-4846-bda4-6e304ece102f','d36a501d-450b-42f3-981b-f38bbc12191d','2021-04-11 21:16:31','bid','900dd9bd-b40d-457c-93d8-18d8f2595b8f',0),(32,'6504cfd9-5a04-4244-92d5-f4e5e95553e6','f6f015d4-26a0-496d-994c-9c09e7418109','2021-04-11 21:17:33','bid','900dd9bd-b40d-457c-93d8-18d8f2595b8f',0);
/*!40000 ALTER TABLE `SetAlerts` ENABLE KEYS */;
UNLOCK TABLES;

--
-- Table structure for table `SubCategory`
--

DROP TABLE IF EXISTS `SubCategory`;
/*!40101 SET @saved_cs_client     = @@character_set_client */;
/*!50503 SET character_set_client = utf8mb4 */;
CREATE TABLE `SubCategory` (
  `id` int(11) NOT NULL AUTO_INCREMENT,
  `cat_id` int(11) NOT NULL,
  `name` varchar(75) NOT NULL,
  PRIMARY KEY (`id`),
  KEY `cat_id` (`cat_id`),
  CONSTRAINT `SubCategory_ibfk_1` FOREIGN KEY (`cat_id`) REFERENCES `Category` (`id`)
) ENGINE=InnoDB AUTO_INCREMENT=24 DEFAULT CHARSET=utf8;
/*!40101 SET character_set_client = @saved_cs_client */;

--
-- Dumping data for table `SubCategory`
--

LOCK TABLES `SubCategory` WRITE;
/*!40000 ALTER TABLE `SubCategory` DISABLE KEYS */;
INSERT INTO `SubCategory` VALUES (1,1,'Phones'),(2,1,'Computers'),(3,1,'Printers'),(4,2,'Rings'),(5,2,'Braclets'),(6,2,'Earrings'),(7,3,'Sedans'),(8,3,'SUVs'),(9,3,'Sport Cars'),(10,4,'T-Shirts'),(11,4,'Pants'),(12,4,'Dresses'),(13,5,'Baseball'),(14,5,'Football'),(15,5,'Soccer'),(23,15,'Sunglasses');
/*!40000 ALTER TABLE `SubCategory` ENABLE KEYS */;
UNLOCK TABLES;

--
-- Table structure for table `TransactionHistory`
--

DROP TABLE IF EXISTS `TransactionHistory`;
/*!40101 SET @saved_cs_client     = @@character_set_client */;
/*!50503 SET character_set_client = utf8mb4 */;
CREATE TABLE `TransactionHistory` (
  `id` int(11) NOT NULL AUTO_INCREMENT,
  `buyer_uuid` varchar(36) NOT NULL,
  `seller_uuid` varchar(36) NOT NULL,
  `listing_uuid` varchar(36) NOT NULL,
  `amount` decimal(10,2) NOT NULL,
  `created` datetime NOT NULL DEFAULT CURRENT_TIMESTAMP,
  PRIMARY KEY (`id`),
  UNIQUE KEY `listing_uuid` (`listing_uuid`),
  KEY `buyer_uuid` (`buyer_uuid`),
  KEY `seller_uuid` (`seller_uuid`),
  CONSTRAINT `TransactionHistory_ibfk_1` FOREIGN KEY (`buyer_uuid`) REFERENCES `Users` (`acc_uuid`),
  CONSTRAINT `TransactionHistory_ibfk_2` FOREIGN KEY (`seller_uuid`) REFERENCES `Users` (`acc_uuid`),
  CONSTRAINT `TransactionHistory_ibfk_3` FOREIGN KEY (`listing_uuid`) REFERENCES `Listing` (`listing_uuid`)
) ENGINE=InnoDB AUTO_INCREMENT=34 DEFAULT CHARSET=utf8;
/*!40101 SET character_set_client = @saved_cs_client */;

--
-- Dumping data for table `TransactionHistory`
--

LOCK TABLES `TransactionHistory` WRITE;
/*!40000 ALTER TABLE `TransactionHistory` DISABLE KEYS */;
INSERT INTO `TransactionHistory` VALUES (22,'d36a501d-450b-42f3-981b-f38bbc12191d','139e121a-de62-4e12-a7b4-58f9fcbac7e3','3b502a11-69bf-4e20-869a-2f662662df66',350.00,'2021-04-03 02:29:18'),(23,'d0530ead-6116-4628-bd63-bd356e4b54aa','797a5932-6840-4af2-b819-62d21cbe626b','75ad14d5-9c34-478d-a3c2-c6c7262d4db1',96.00,'2021-04-03 02:57:32'),(24,'f6f015d4-26a0-496d-994c-9c09e7418109','c206d92f-58d2-4ad8-b739-ab9ab424132a','271b17c6-ca3b-4eeb-9586-b349a25ae869',39250.00,'2021-04-08 22:09:23'),(33,'d36a501d-450b-42f3-981b-f38bbc12191d','9c40b123-2518-4d5c-83d1-288f5d0e79b4','900dd9bd-b40d-457c-93d8-18d8f2595b8f',151.00,'2021-04-11 21:23:08');
/*!40000 ALTER TABLE `TransactionHistory` ENABLE KEYS */;
UNLOCK TABLES;

--
-- Table structure for table `Users`
--

DROP TABLE IF EXISTS `Users`;
/*!40101 SET @saved_cs_client     = @@character_set_client */;
/*!50503 SET character_set_client = utf8mb4 */;
CREATE TABLE `Users` (
  `id` int(11) NOT NULL AUTO_INCREMENT,
  `acc_uuid` varchar(36) NOT NULL,
  `created` datetime NOT NULL DEFAULT CURRENT_TIMESTAMP,
  `updated` datetime NOT NULL DEFAULT CURRENT_TIMESTAMP ON UPDATE CURRENT_TIMESTAMP,
  `email` varchar(100) NOT NULL,
  `pw` varchar(250) NOT NULL,
  `f_name` varchar(75) NOT NULL,
  `l_name` varchar(75) NOT NULL,
  `credits` decimal(10,2) NOT NULL DEFAULT '50000.00',
  `lastIP` varchar(20) NOT NULL,
  `is_active` int(11) NOT NULL DEFAULT '1',
  PRIMARY KEY (`id`),
  UNIQUE KEY `acc_uuid` (`acc_uuid`)
) ENGINE=InnoDB AUTO_INCREMENT=26 DEFAULT CHARSET=utf8;
/*!40101 SET character_set_client = @saved_cs_client */;

--
-- Dumping data for table `Users`
--

LOCK TABLES `Users` WRITE;
/*!40000 ALTER TABLE `Users` DISABLE KEYS */;
INSERT INTO `Users` VALUES (5,'c206d92f-58d2-4ad8-b739-ab9ab424132a','2021-03-19 03:45:12','2021-04-11 20:52:19','test@gmail.com','2a8eff8fcc16977c6b07923348f3dc9a0d7ed63b873dc45873f64dcaf4286cbc','Arthur','DiLeo',925000.00,'0:0:0:0:0:0:0:1',1),(6,'82d77699-6b1e-4000-8b0d-2e5e034e7625','2021-03-19 16:11:11','2021-04-11 21:38:36','michaelcolasanti1@gmail.com','278a978d2d87e35877e5313906cd53dcdc4feb7ce5ae6fa7267d23fbb2aefa97','Michael','Colasanti',50000.00,'0:0:0:0:0:0:0:1',1),(7,'d0530ead-6116-4628-bd63-bd356e4b54aa','2021-03-21 19:39:16','2021-04-03 02:57:33','mod@gmail.com','2a8eff8fcc16977c6b07923348f3dc9a0d7ed63b873dc45873f64dcaf4286cbc','John','Kovac',26354.00,'0:0:0:0:0:0:0:1',1),(8,'f6f015d4-26a0-496d-994c-9c09e7418109','2021-03-22 21:18:50','2021-04-02 01:24:40','zoeyouzilou@gmail.com','2a8eff8fcc16977c6b07923348f3dc9a0d7ed63b873dc45873f64dcaf4286cbc','Zoe','Ouzilou',1000000.00,'0:0:0:0:0:0:0:1',1),(9,'d36a501d-450b-42f3-981b-f38bbc12191d','2021-03-23 02:37:12','2021-04-11 21:23:08','normal@gmail.com','2a8eff8fcc16977c6b07923348f3dc9a0d7ed63b873dc45873f64dcaf4286cbc','Ivan','Lin',39499.00,'0:0:0:0:0:0:0:1',1),(10,'dfd84013-73aa-443f-9585-6251cc48de30','2021-04-01 01:06:21','2021-04-03 19:17:52','testeracc@gmail.com','2a8eff8fcc16977c6b07923348f3dc9a0d7ed63b873dc45873f64dcaf4286cbc','tester','acc',50000.00,'0:0:0:0:0:0:0:1',1),(11,'139e121a-de62-4e12-a7b4-58f9fcbac7e3','2021-04-02 01:37:52','2021-04-02 01:37:52','julie.girod@sanofi.com','2a8eff8fcc16977c6b07923348f3dc9a0d7ed63b873dc45873f64dcaf4286cbc','Julie','Girod',50000.00,'0:0:0:0:0:0:0:1',1),(12,'b3a2af50-072a-4d86-8405-154a751bd867','2021-04-02 13:33:17','2021-04-02 13:33:17','cgiovanetti@gmail.com','2a8eff8fcc16977c6b07923348f3dc9a0d7ed63b873dc45873f64dcaf4286cbc','Catherine','Giovanetti',50000.00,'0:0:0:0:0:0:0:1',1),(13,'6682f043-ecf5-475b-8d03-f6b083d3a2c3','2021-04-02 13:54:35','2021-04-02 13:54:35','sapelzer@gmail.com','2a8eff8fcc16977c6b07923348f3dc9a0d7ed63b873dc45873f64dcaf4286cbc','Sapna','Elzer',50000.00,'0:0:0:0:0:0:0:1',1),(14,'797a5932-6840-4af2-b819-62d21cbe626b','2021-04-02 16:01:33','2021-04-02 16:01:33','zgran@gmail.com','2a8eff8fcc16977c6b07923348f3dc9a0d7ed63b873dc45873f64dcaf4286cbc','Zac','Gran',50000.00,'0:0:0:0:0:0:0:1',1),(15,'8058b92a-465c-4dc4-b77b-e400d2d135b2','2021-04-02 16:45:44','2021-04-04 02:33:08','rose@gmail.com','2a8eff8fcc16977c6b07923348f3dc9a0d7ed63b873dc45873f64dcaf4286cbc','Rose','Kujasic',50000.00,'0:0:0:0:0:0:0:1',1),(16,'b382d151-d7ff-4334-b0b1-f22f15b89a17','2021-04-04 01:53:38','2021-04-11 20:54:20','shenrie@gmail.com','2a8eff8fcc16977c6b07923348f3dc9a0d7ed63b873dc45873f64dcaf4286cbc','Sarah','Henrie',24850.00,'0:0:0:0:0:0:0:1',1),(24,'9c40b123-2518-4d5c-83d1-288f5d0e79b4','2021-04-11 21:08:44','2021-04-11 21:39:39','nate@gmail.com','2a8eff8fcc16977c6b07923348f3dc9a0d7ed63b873dc45873f64dcaf4286cbc','Nathan','Joel',50000.00,'0:0:0:0:0:0:0:1',1),(25,'b942d6f4-25bf-4333-8f33-e1c142d63dfe','2021-04-11 21:33:55','2021-04-11 21:33:55','kasper@gmail.com','2a8eff8fcc16977c6b07923348f3dc9a0d7ed63b873dc45873f64dcaf4286cbc','Kasper','Gurdak',50000.00,'0:0:0:0:0:0:0:1',1);
/*!40000 ALTER TABLE `Users` ENABLE KEYS */;
UNLOCK TABLES;
/*!40103 SET TIME_ZONE=@OLD_TIME_ZONE */;

/*!40101 SET SQL_MODE=@OLD_SQL_MODE */;
/*!40014 SET FOREIGN_KEY_CHECKS=@OLD_FOREIGN_KEY_CHECKS */;
/*!40014 SET UNIQUE_CHECKS=@OLD_UNIQUE_CHECKS */;
/*!40101 SET CHARACTER_SET_CLIENT=@OLD_CHARACTER_SET_CLIENT */;
/*!40101 SET CHARACTER_SET_RESULTS=@OLD_CHARACTER_SET_RESULTS */;
/*!40101 SET COLLATION_CONNECTION=@OLD_COLLATION_CONNECTION */;
/*!40111 SET SQL_NOTES=@OLD_SQL_NOTES */;

-- Dump completed on 2021-04-12 16:23:22
